"","clipID","sampleID","namedLocation","domainID","siteID","plotID","collectDate","nitrogenPercent","carbonPercent","CNratio","nlcdClass","sampleType","individualID","scientificName","clipLength","clipWidth","percentCoverClip","decimalLatitude","decimalLongitude","coordinateUncertainty","elevation","elevationUncertainty"
"1","BLAN_003_162","9bPqo9r3ZrPVekffnzp8zQJqybz5Src1qoUuM2P/8ds=","BLAN_003.basePlot.cfc","D02","BLAN","BLAN_003","2020-08-17T17:57Z",2.5,45.17,18.1,"pastureHay","Herbaceous clip strip","","",2,0.1,100,39.078872,-77.963659,20.1,121.8,0.1
"2","BLAN_004_056","9bPqo9r3ZrNKBQJ6HsoC4TGiO2QF5gZSIMK2YUcWTdY=","BLAN_004.basePlot.cfc","D02","BLAN","BLAN_004","2020-08-17T17:07Z",2.12,45.31,21.4,"pastureHay","Herbaceous clip strip","","",2,0.1,85,39.087516,-77.962567,20.1,128.4,0.1
"3","BLAN_020_022","9bPqo9r3ZrNLyftWPxFSodpht2cbtepreIohoNkn5Jk=","BLAN_020.basePlot.cfc","D02","BLAN","BLAN_020","2020-08-19T13:13Z",2.17,46.21,21.3,"pastureHay","Herbaceous clip strip","","",2,0.1,99,39.100938,-77.980394,20.1,165.9,0.1
"4","BLAN_031_154","9bPqo9r3ZrMLlECH3r51rpuDDNxgCfYnWXZ2WVggK0g=","BLAN_031.basePlot.cfc","D02","BLAN","BLAN_031","2020-08-17T13:37Z",1.75,46.15,26.3,"cultivatedCrops","Herbaceous clip strip","","",2,0.1,95,39.058809,-78.070547,20.1,183.1,0.1
"5","BLAN_032_076","9bPqo9r3ZrNNEzYCrLK71mIqtpxFH1DjRyJHEM+vNUk=","BLAN_032.basePlot.cfc","D02","BLAN","BLAN_032","2020-08-17T15:23Z",2,48.7,24.3,"shrubScrub","Herbaceous clip strip","","",2,0.1,85,39.058572,-78.073305,20.1,184.7,0.1
"6","BLAN_033_059","9bPqo9r3ZrN+DLmx3F4AMPwzjAQMMT3pPlUrZ9GUGT4=","BLAN_033.basePlot.cfc","D02","BLAN","BLAN_033","2020-08-19T16:58Z",1.96,48,24.5,"cultivatedCrops","Herbaceous clip strip","","",2,0.1,100,39.058229,-78.069151,20.1,184.6,0.1
"7","BLAN_038_121","9bPqo9r3ZrOuujdlsPoIq4EihTERhNJ6/UKTopMT/98=","BLAN_038.basePlot.cfc","D02","BLAN","BLAN_038","2020-08-17T14:21Z",2.27,47.9,21.1,"cultivatedCrops","Herbaceous clip strip","","",2,0.1,90,39.057723,-78.070917,20.1,181.9,0.1
"8","CLBJ_001_157","+Bzwz4UdNwRuKiaPM//J3os8PsXm7L7vi8RMJAlCsVE=","CLBJ_001.basePlot.cfc","D11","CLBJ","CLBJ_001","2019-05-09T15:25Z",1.29,41.62,32.3,"deciduousForest","Herbaceous clip strip","","",2,0.1,90,33.397987,-97.568339,20.1,278.1,0.1
"9","CLBJ_030_199","+Bzwz4UdNwRar0+teiZ4u/f/RvSW+u0arLZHCiKAWDo=","CLBJ_030.basePlot.cfc","D11","CLBJ","CLBJ_030","2019-05-09T16:06Z",1.03,43.44,42.3,"grasslandHerbaceous","Herbaceous clip strip","","",2,0.1,96,33.398512,-97.567356,10.1,276,0.1
"10","CLBJ_031_081","+Bzwz4UdNwQp6JRpav3LSBxU/MSmS93rYMmV2TsTriw=","CLBJ_031.basePlot.cfc","D11","CLBJ","CLBJ_031","2019-05-09T16:33Z",1,41.57,41.7,"grasslandHerbaceous","Herbaceous clip strip","","",2,0.1,71,33.375278,-97.595151,20.1,292.4,0.1
"11","CLBJ_034_171","+Bzwz4UdNwQUqBQSfrjofj4z2fwNwhvLALITWlfI7nQ=","CLBJ_034.basePlot.cfc","D11","CLBJ","CLBJ_034","2019-05-09T14:03Z",1.97,39.74,20.2,"grasslandHerbaceous","Herbaceous clip strip","","",2,0.1,59,33.321251,-97.57765,20,323,0.02
"12","CLBJ_036_009","+Bzwz4UdNwRYjy4phFff3L4XJ7qJgPp/zsoYipfmFRY=","CLBJ_036.basePlot.cfc","D11","CLBJ","CLBJ_036","2019-04-23T12:42Z",0.99,42.1,42.4,"grasslandHerbaceous","Herbaceous clip strip","","",2,0.1,96,33.397578,-97.57995,20.1,288,0.1
"13","CLBJ_039_196","+Bzwz4UdNwQ8bnFTpA0lyoYbbrkgXXrtGvQf2bYMB68=","CLBJ_039.basePlot.cfc","D11","CLBJ","CLBJ_039","2019-05-09T15:01Z",1.34,39.6,29.5,"grasslandHerbaceous","Herbaceous clip strip","","",2,0.1,75,33.329427,-97.583638,20.1,310,0.1
"14","CLBJ_047_160","+Bzwz4UdNwQ6T6CCvMGOi9UEjeFhhssz5Duibm8N6K8=","CLBJ_047.basePlot.cfc","D11","CLBJ","CLBJ_047","2019-05-09T18:05Z",1.39,42.45,30.4,"grasslandHerbaceous","Herbaceous clip strip","","",2,0.1,68,33.3832,-97.602762,20.1,289.2,0.1
"15","DCFS_001_126","v88ICFxFvSy3FjxDmRoc/g1OQkh2rDzha/7DLoIGNlc=","DCFS_001.basePlot.cfc","D09","DCFS","DCFS_001","2019-08-06T16:18Z",1.73,45.63,26.4,"grasslandHerbaceous","Herbaceous clip strip","","",2,0.1,45,47.207842,-99.16681,20.2,574.6,0.21
"16","DCFS_002_146","v88ICFxFvSx9PKrN6HePFsrxG1ph9razRo5gQYartsk=","DCFS_002.basePlot.cfc","D09","DCFS","DCFS_002","2019-08-06T15:50Z",1.11,44.14,39.7,"grasslandHerbaceous","Herbaceous clip strip","","",2,0.1,60,47.207302,-99.169577,20.1,575.6,0.16
"17","DCFS_003_038","v88ICFxFvSwXO3O0Smu0I00SjOQSTbRWOy1SCGufzmw=","DCFS_003.basePlot.cfc","D09","DCFS","DCFS_003","2019-08-06T13:58Z",1.44,44.76,31.1,"grasslandHerbaceous","Herbaceous clip strip","","",2,0.1,55,47.206173,-99.184204,20.1,587.5,0.15
"18","DCFS_004_166","v88ICFxFvSxmT84U8WZ1hySS9E44dL7hoTdMyXrubLg=","DCFS_004.basePlot.cfc","D09","DCFS","DCFS_004","2019-08-07T13:17Z",1.37,45.86,33.6,"grasslandHerbaceous","Herbaceous clip strip","","",2,0.1,30,47.171565,-99.051268,20.1,507.2,0.19
"19","DCFS_005_055","v88ICFxFvSwgZkh4ogkDKaBhY9EMQS9tw+yxxSu8RtE=","DCFS_005.basePlot.cfc","D09","DCFS","DCFS_005","2019-08-08T18:41Z",1.73,44.15,25.5,"grasslandHerbaceous","Herbaceous clip strip","","",2,0.1,20,47.19814,-99.166392,20.1,564,0.19
"20","DCFS_006_014","v88ICFxFvSwJre5bh6WOjpS8HGDGOY0ZIO20tV8qjDY=","DCFS_006.basePlot.cfc","D09","DCFS","DCFS_006","2019-08-06T20:24Z",1.38,43.69,31.7,"grasslandHerbaceous","Herbaceous clip strip","","",2,0.1,80,47.173174,-99.05087,20.1,500.1,0.18
"21","DCFS_007_188","v88ICFxFvSyUX8s+XxsoXbys2v1Kl2/bA33cXZs75Po=","DCFS_007.basePlot.cfc","D09","DCFS","DCFS_007","2019-08-06T19:27Z",1.33,44.41,33.3,"grasslandHerbaceous","Herbaceous clip strip","","",2,0.1,50,47.163429,-99.115691,20.2,568.5,0.24
"22","DCFS_008_117","v88ICFxFvSxamkESENNmNIt8sMkB0H9/hKytksTh6+I=","DCFS_008.basePlot.cfc","D09","DCFS","DCFS_008","2019-08-06T18:57Z",1.31,43.36,33,"grasslandHerbaceous","Herbaceous clip strip","","",2,0.1,45,47.163711,-99.118452,20.2,568.5,0.24
"23","DCFS_009_118","v88ICFxFvSzqhe7PHgMrWXAILB7qLvq7GNnf7v5WrTA=","DCFS_009.basePlot.cfc","D09","DCFS","DCFS_009","2019-08-07T19:00Z",1.4,43.17,30.7,"grasslandHerbaceous","Herbaceous clip strip","","",2,0.1,15,47.210512,-99.185022,20.1,590.4,0.14
"24","DCFS_010_188","v88ICFxFvSx1DNIstlXJrRQ0d6glib8+NieDZ9y3zw0=","DCFS_010.basePlot.cfc","D09","DCFS","DCFS_010","2019-08-06T17:33Z",1.19,44.91,37.8,"grasslandHerbaceous","Herbaceous clip strip","","",2,0.1,40,47.209998,-99.171961,20.2,577.4,0.21
"25","DCFS_011_117","v88ICFxFvSxEdOE7WC1loJ3cOJIfgbrnwgi0TXh2sYY=","DCFS_011.basePlot.cfc","D09","DCFS","DCFS_011","2019-08-07T20:10Z",1.455,44.935,30.8,"grasslandHerbaceous","Herbaceous clip strip","","",2,0.1,65,47.202167,-99.173924,20.1,577.3,0.14
"26","DCFS_012_118","v88ICFxFvSzeztioJs9zhKdIBhK61xACQVLLkT2l1tA=","DCFS_012.basePlot.cfc","D09","DCFS","DCFS_012","2019-08-07T14:17Z",1.5,44.36,29.5,"grasslandHerbaceous","Herbaceous clip strip","","",2,0.1,50,47.16941,-99.058774,20.2,521.2,0.2
"27","DCFS_013_143","v88ICFxFvSwXYr2EknTPiezoPsRA1BUVt8SUeDFM5x0=","DCFS_013.basePlot.cfc","D09","DCFS","DCFS_013","2019-08-06T14:57Z",1.54,44.8,29,"grasslandHerbaceous","Herbaceous clip strip","","",2,0.1,70,47.205682,-99.171564,20.1,575.9,0.19
"28","DCFS_014_116","v88ICFxFvSx1hbtDE4wIys3jqfzW0lROfROvC1dt0yk=","DCFS_014.basePlot.cfc","D09","DCFS","DCFS_014","2019-08-08T16:13Z",1.57,44.86,28.5,"grasslandHerbaceous","Herbaceous clip strip","","",2,0.1,80,47.119264,-99.057536,20.1,573.4,0.17
"29","DCFS_015_176","v88ICFxFvSz6/mCR0HEATG/vakNbWHXvDuMP99Y9zkI=","DCFS_015.basePlot.cfc","D09","DCFS","DCFS_015","2019-08-07T16:49Z",1.53,43.78,28.7,"grasslandHerbaceous","Herbaceous clip strip","","",2,0.1,35,47.154005,-99.111308,20.1,575.7,0.15
"30","DCFS_016_189","v88ICFxFvSypAaCaoL5kkH+s+spkl/kXWcZ+gcNyo5M=","DCFS_016.basePlot.cfc","D09","DCFS","DCFS_016","2019-08-07T17:35Z",1.66,45.6,27.5,"grasslandHerbaceous","Herbaceous clip strip","","",2,0.1,25,47.156969,-99.114094,20.1,574.7,0.15
"31","DCFS_062_172","v88ICFxFvSxRuLTUkcJFpj+t1oTc4r67DZyXB+MWDAM=","DCFS_062.basePlot.cfc","D09","DCFS","DCFS_062","2019-08-08T14:10Z",1.46,44.97,30.7,"grasslandHerbaceous","Herbaceous clip strip","","",2,0.1,45,47.162314,-99.110281,20.1,569.3,0.19
"32","DCFS_063_161","v88ICFxFvSxTH6hKtTBG5F9Fs8NwKYR9+GTfhnFxxSk=","DCFS_063.basePlot.cfc","D09","DCFS","DCFS_063","2019-08-08T20:03Z",0.8,44.08,55.4,"grasslandHerbaceous","Herbaceous clip strip","","",2,0.1,75,47.16475,-99.110683,20.2,563.3,0.2
"33","DCFS_065_141","v88ICFxFvSzXzlUtmZ8NrOsZvRnqdLVfUPhaeTl2Cdg=","DCFS_065.basePlot.cfc","D09","DCFS","DCFS_065","2019-08-08T13:45Z",1.64,44.91,27.5,"grasslandHerbaceous","Herbaceous clip strip","","",2,0.1,50,47.160965,-99.11068,20.1,571.7,0.19
"34","DCFS_067_056","v88ICFxFvSwfx5GY6iRkcG9/sZ5dmL0L6zNpW6IswNw=","DCFS_067.basePlot.cfc","D09","DCFS","DCFS_067","2019-08-08T14:40Z",1.4,45.78,32.7,"grasslandHerbaceous","Herbaceous clip strip","","",2,0.1,35,47.163131,-99.109882,20.1,573.9,0.22
"35","DSNY_002_033","k7LBIL3J5m5MNgbUSKpAQ1Kkb6l+V4e8s6Pd+rAg1t8=","DSNY_002.basePlot.cfc","D03","DSNY","DSNY_002","2018-09-26T15:27Z",0.83,47.83,57.4,"woodyWetlands","Herbaceous clip strip","","",2,0.1,50,28.048244,-81.416879,20.1,17.7,0.1
"36","DSNY_003_098","k7LBIL3J5m5b4Fqz/hgXIet8PBWC9+Rwj3YMmtV0Tzs=","DSNY_003.basePlot.cfc","D03","DSNY","DSNY_003","2018-09-20T14:54Z",1.35,46.67,34.5,"woodyWetlands","Herbaceous clip strip","","",2,0.1,40,28.074209,-81.425532,20.1,18.9,0.1
"37","DSNY_004_023","k7LBIL3J5m4wzCchCLGR9pNLccz3Ou+CueOwdygp7qI=","DSNY_004.basePlot.cfc","D03","DSNY","DSNY_004","2018-09-19T14:32Z",0.83,50.17,60.1,"woodyWetlands","Herbaceous clip strip","","",2,0.1,40,28.099732,-81.399974,20.1,18.8,0.1
"38","DSNY_006_125","k7LBIL3J5m63g7hABKTfWl91J/HVcagiR1V0XLLQCWw=","DSNY_006.basePlot.cfc","D03","DSNY","DSNY_006","2018-09-19T19:16Z",0.87,46.025,53,"woodyWetlands","Herbaceous clip strip","","",2,0.1,65,28.092969,-81.399332,20.1,20.7,0.1
"39","DSNY_007_134","k7LBIL3J5m4dPT2rnUYWCY+OWZgpWq1/tQQTkpTOx7s=","DSNY_007.basePlot.cfc","D03","DSNY","DSNY_007","2018-09-26T13:12Z",1.07,46.24,43.4,"woodyWetlands","Herbaceous clip strip","","",2,0.1,80,28.053114,-81.417507,20.1,17.8,0.1
"40","DSNY_008_071","k7LBIL3J5m7EGplztKWp23Eni9XGh1c2NxPpJInzaqw=","DSNY_008.basePlot.cfc","D03","DSNY","DSNY_008","2018-09-25T18:46Z",0.76,46.69,61.2,"woodyWetlands","Herbaceous clip strip","","",2,0.1,45,28.046662,-81.401888,20.1,19,0.1
"41","DSNY_009_168","k7LBIL3J5m4m4xVK7VHavkAdPDr4xghFElqtDQb2D1A=","DSNY_009.basePlot.cfc","D03","DSNY","DSNY_009","2018-09-20T16:19Z",1.01,45.78,45.3,"pastureHay","Herbaceous clip strip","","",2,0.1,95,28.073118,-81.428559,20.1,19,0.1
"42","DSNY_041_198","k7LBIL3J5m4vbckmEdeA5OEO3EL/kw1sGAfN06CfXT4=","DSNY_041.basePlot.cfc","D03","DSNY","DSNY_041","2018-10-02T12:48Z",1.01,45.9,45.4,"pastureHay","Herbaceous clip strip","","",2,0.1,98,28.125082,-81.432746,20.1,20.5,0.1
"43","DSNY_042_045","k7LBIL3J5m56eoH6wCHMkVkEhr/AUzhcj4QrdVEI+gA=","DSNY_042.basePlot.cfc","D03","DSNY","DSNY_042","2018-09-18T16:10Z",0.93,45.68,49.2,"pastureHay","Herbaceous clip strip","","",2,0.1,100,28.122132,-81.433949,20.1,19.8,0.1
"44","DSNY_043_006","k7LBIL3J5m5yk+FwtQ9Y85bHA2Wymw5VLxu4LJn9i7Q=","DSNY_043.basePlot.cfc","D03","DSNY","DSNY_043","2018-10-02T14:42Z",1.285,46,35.75,"pastureHay","Herbaceous clip strip","","",2,0.1,40,28.1232,-81.43487,20.1,20.3,0.11
"45","DSNY_044_136","k7LBIL3J5m4wMlQ0pHZIwzU5ujd7q1G8GzF+wYH/eD0=","DSNY_044.basePlot.cfc","D03","DSNY","DSNY_044","2018-10-02T13:07Z",0.6,48.59,81.6,"pastureHay","Herbaceous clip strip","","",2,0.1,50,28.126189,-81.433661,20.1,20.3,0.1
"46","JERC_001_058","drmNO6RIfvSwBBWV7A6fxEBabLiwvfSfzPJPKGSjuOI=","JERC_001.basePlot.cfc","D03","JERC","JERC_001","2019-09-11T14:09Z",0.79,44.57,56.1,"deciduousForest","Herbaceous clip strip","","",2,0.1,100,31.194314,-84.477077,20.2,38.6,0.26
"47","JERC_004_123","drmNO6RIfvTmDreIKJ0PjVQOOUlNTLiif63IgPXzMCo=","JERC_004.basePlot.cfc","D03","JERC","JERC_004","2019-09-10T12:14Z",1.08,45.41,41.9,"cultivatedCrops","Herbaceous clip strip","","",2,0.1,100,31.189774,-84.465861,20.1,44.8,0.26
"48","JERC_012_114","drmNO6RIfvT9B31mfsrxel8kwKQnnn1A8Ld3miQsbZk=","JERC_012.basePlot.cfc","D03","JERC","JERC_012","2019-09-04T14:44Z",2.14,46.22,21.6,"cultivatedCrops","Herbaceous clip strip","","",2,0.1,80,31.190203,-84.447296,20.1,42.1,0.1
"49","JERC_014_209","drmNO6RIfvRgT8PiH1ekd0zL9SzI4Q7AY+Dby5xPTiw=","JERC_014.basePlot.cfc","D03","JERC","JERC_014","2019-09-04T13:12Z",2.25,44.89,20,"cultivatedCrops","Herbaceous clip strip","","",2,0.1,100,31.200072,-84.454913,20.1,47.5,0.1
"50","JERC_029_063","drmNO6RIfvRWBBTINWGyxRVPV2ziVOuTkzMjjoc/3+g=","JERC_029.basePlot.cfc","D03","JERC","JERC_029","2019-09-10T13:14Z",1.69,45.62,27,"deciduousForest","Herbaceous clip strip","","",2,0.1,100,31.186763,-84.46438,20.2,44.6,0.28
"51","JERC_030_063","drmNO6RIfvTMOEuB12uF5leMVKkOygGgFikRF7gpHpY=","JERC_030.basePlot.cfc","D03","JERC","JERC_030","2019-09-05T13:19Z",0.8,41.63,52.2,"mixedForest","Herbaceous clip strip","","",2,0.1,100,31.185097,-84.476067,20.2,36.6,0.31
"52","JORN_001_010","NrWJnEy30pa4aFcQG+KLHj5hId0A/fkLH5BBTjq/kEw=","JORN_001.basePlot.cfc","D14","JORN","JORN_001","2017-08-23T20:29Z",2.21,41.18,18.6,"shrubScrub","Herbaceous clip strip","","",2,0.5,15,32.60493,-106.802046,20.1,1323.4,0.1
"53","JORN_002_019","NrWJnEy30pYw1B9yB2HtnABHPCi1L1KjU8aHBjTba2A=","JORN_002.basePlot.cfc","D14","JORN","JORN_002","2017-08-23T18:51Z",1.91,48.31,25.3,"shrubScrub","Herbaceous clip strip","","",2,0.1,45,32.611356,-106.826155,20.1,1328.2,0.19
"54","JORN_003_206","NrWJnEy30pY7mqLzV/GlD8Tx9GHFO+ktf2IWF2b3D5Q=","JORN_003.basePlot.cfc","D14","JORN","JORN_003","2017-08-22T15:21Z",1.17,44.55,37.9,"shrubScrub","Herbaceous clip strip","","",2,0.1,45,32.600614,-106.838099,20.1,1321.1,0.1
"55","JORN_004_170","NrWJnEy30pbuP69ov+0JeOE3aEUwiTEOIMhdl1YK14E=","JORN_004.basePlot.cfc","D14","JORN","JORN_004","2017-08-22T20:11Z",2.24,42.8,19.1,"shrubScrub","Herbaceous clip strip","","",2,0.1,10,32.630328,-106.86076,20.1,1331.6,0.1
"56","JORN_005_157","NrWJnEy30paYuDYbi6UpBGUaYIldyt1RIar0jBMz2xo=","JORN_005.basePlot.cfc","D14","JORN","JORN_005","2017-08-23T20:20Z",1.95,45.06,23.1,"shrubScrub","Herbaceous clip strip","","",2,0.5,45,32.575696,-106.803388,20.1,1323.5,0.1
"57","JORN_006_060","NrWJnEy30pb4EVg1h7vKBhyQSCDu3e7HofIQnNAlWUc=","JORN_006.basePlot.cfc","D14","JORN","JORN_006","2017-08-22T15:03Z",1.03,44.82,43.6,"shrubScrub","Herbaceous clip strip","","",1.5,0.7,10,32.590562,-106.82446,20.1,1323.2,0.1
"58","JORN_007_058","NrWJnEy30pbwSpw8EOxr+DGFjDTsZzuufnO0R26lf4w=","JORN_007.basePlot.cfc","D14","JORN","JORN_007","2017-08-22T14:54Z",1.48,50.45,34.2,"shrubScrub","Herbaceous clip strip","","",2,0.1,35,32.607919,-106.856765,20.1,1323.5,0.1
"59","JORN_009_155","NrWJnEy30pb2I0eANqHBFmEb+RrjGRFnHaOE7HB7Rqs=","JORN_009.basePlot.cfc","D14","JORN","JORN_009","2017-08-23T16:20Z",0.97,41.5,43,"shrubScrub","Herbaceous clip strip","","",2,0.1,65,32.611448,-106.83769,20.1,1326.7,0.1
"60","JORN_010_152","NrWJnEy30pZqE7p+mqFMpDuA/8aaBwdz4Qb6w2nBjUg=","JORN_010.basePlot.cfc","D14","JORN","JORN_010","2017-08-23T15:29Z",2.15,48.54,22.6,"shrubScrub","Herbaceous clip strip","","",2,0.1,30,32.628336,-106.847936,20.1,1331.7,0.16
"61","JORN_042_148","NrWJnEy30pa9hgXY8If8AY5TrRXqpMAeSXJ+RPJ/lsc=","JORN_042.basePlot.cfc","D14","JORN","JORN_042","2017-08-22T14:40Z",1.19,45.27,38,"shrubScrub","Herbaceous clip strip","","",2,0.1,70,32.590028,-106.840435,20.1,1320,0.11
"62","JORN_044_020","NrWJnEy30pb5EcVYTMMiU26ZS7F2zKDT+Js/ODOwVhc=","JORN_044.basePlot.cfc","D14","JORN","JORN_044","2017-08-22T14:43Z",0.83,45.76,55.3,"shrubScrub","Herbaceous clip strip","","",2,0.1,50,32.589481,-106.841383,20.1,1323.2,0.16
"63","JORN_045_175","NrWJnEy30pZqn1VwLwoBVg7l6ivlc3J10ibwDk2Vuhg=","JORN_045.basePlot.cfc","D14","JORN","JORN_045","2017-08-22T14:45Z",0.95,46.15,48.4,"shrubScrub","Herbaceous clip strip","","",2,0.1,60,32.592144,-106.84334,20.1,1321.9,0.1
"64","JORN_047_122","NrWJnEy30pbj4NIPURE2sikM/qF3XH+X0yenfyA3+Q0=","JORN_047.basePlot.cfc","D14","JORN","JORN_047","2017-08-22T14:44Z",0.88,45.58,52.1,"shrubScrub","Herbaceous clip strip","","",2,0.1,60,32.591348,-106.843322,20.1,1322.6,0.15
"65","KONA_001_161","TZWCJg6TW/2miF44AOhgm6HWUcCW0YE/pmGGeVGEkvI=","KONA_001.basePlot.cfc","D06","KONA","KONA_001","2019-07-08T14:17Z",3.63,43.14,11.9,"cultivatedCrops","Herbaceous clip strip","","",2,0.1,100,39.215958,-96.594339,20.1,328.3,0.17
"66","KONA_002_042","TZWCJg6TW/39VzReYR6TW60bZQ/Pcv6IzqHS+/a5nqI=","KONA_002.basePlot.cfc","D06","KONA","KONA_002","2019-07-08T14:11Z",2.9,44.305,15.25,"cultivatedCrops","Herbaceous clip strip","","",2,0.1,95,39.115597,-96.638463,20.1,324,0.14
"67","KONA_003_140","TZWCJg6TW/0O1vZb8ajk4gxmys0fre1PzqFIofFrOYg=","KONA_003.basePlot.cfc","D06","KONA","KONA_003","2019-07-08T15:48Z",2.58,42.38,16.4,"cultivatedCrops","Herbaceous clip strip","","",2,0.1,100,39.215287,-96.599283,20.1,333.9,0.12
"68","KONA_004_148","TZWCJg6TW/2mzTqeqoMD0dv0EBc+PHv6OZPkH2dLZag=","KONA_004.basePlot.cfc","D06","KONA","KONA_004","2019-07-08T17:15Z",2.86,40.41,14.2,"cultivatedCrops","Herbaceous clip strip","","",2,0.1,10,39.124272,-96.637853,20.1,325.8,0.12
"69","KONA_005_204","TZWCJg6TW/3idmzY1w4ETTmfKpMvS0fgTvaNsf1WD+A=","KONA_005.basePlot.cfc","D06","KONA","KONA_005","2019-07-11T14:13Z",2.21,39.3,17.8,"cultivatedCrops","Herbaceous clip strip","","",2,0.1,100,39.221583,-96.582637,20.1,317.8,0.12
"70","KONA_006_018","TZWCJg6TW/3WdFY5NZoci+UhYtn7buqD3v/6i9eUpDc=","KONA_006.basePlot.cfc","D06","KONA","KONA_006","2019-07-08T15:04Z",2.75,43.72,15.9,"cultivatedCrops","Herbaceous clip strip","","",2,0.1,90,39.124964,-96.647329,20.1,354,0.13
"71","KONA_007_123","TZWCJg6TW/3fGyqt6SsAYyxy2Sn89wXzPbsCifHwSGI=","KONA_007.basePlot.cfc","D06","KONA","KONA_007","2019-07-08T18:07Z",4.39,38.07,8.7,"cultivatedCrops","Herbaceous clip strip","","",2,0.1,25,39.119701,-96.638655,20.1,326.6,0.14
"72","KONA_008_019","TZWCJg6TW/3ICFJHpBUFClwiWRlvz7HvcmYVFR8YJSk=","KONA_008.basePlot.cfc","D06","KONA","KONA_008","2019-07-08T16:48Z",1.05,43.51,41.5,"cultivatedCrops","Herbaceous clip strip","","",2,0.1,100,39.21712,-96.600871,20.1,336,0.12
"73","KONA_009_147","TZWCJg6TW/0Hb1N/fqyIGVt+9xD93oVhMNdXWtcV6yY=","KONA_009.basePlot.cfc","D06","KONA","KONA_009","2019-07-08T15:36Z",2.78,44.95,16.2,"cultivatedCrops","Herbaceous clip strip","","",2,0.1,85,39.125694,-96.64534,20.1,345.9,0.17
"74","KONA_010_123","TZWCJg6TW/0WOJMYw3mN/ZrVyy3WSUBJqSQnlbWBtmg=","KONA_010.basePlot.cfc","D06","KONA","KONA_010","2019-07-08T16:59Z",3.84,40.54,10.6,"cultivatedCrops","Herbaceous clip strip","","",2,0.1,15,39.125589,-96.639109,20.1,326.7,0.13
"75","KONA_011_019","TZWCJg6TW/2BnTYKdnfS0eGfBiuIOB/xkp3nkkZgUsI=","KONA_011.basePlot.cfc","D06","KONA","KONA_011","2019-07-11T13:26Z",3.05,42.98,14.1,"cultivatedCrops","Herbaceous clip strip","","",2,0.1,100,39.223125,-96.595404,20.1,326.1,0.12
"76","KONA_012_147","TZWCJg6TW/22jRHTvKTXVkzGWs+bjK+C7Ms7LSF/sBY=","KONA_012.basePlot.cfc","D06","KONA","KONA_012","2019-07-08T17:46Z",4.57,40.11,8.8,"cultivatedCrops","Herbaceous clip strip","","",2,0.1,10,39.12255,-96.641186,20.1,331.2,0.17
"77","KONA_013_026","TZWCJg6TW/37QeeuQEsmITXFoQFo4UHEveT3QH7An2U=","KONA_013.basePlot.cfc","D06","KONA","KONA_013","2019-07-08T16:09Z",3.86,35.02,9.1,"cultivatedCrops","Herbaceous clip strip","","",2,0.1,20,39.126668,-96.64202,20.1,332.6,0.15
"78","KONA_014_163","TZWCJg6TW/2hsJpE41QXLBu5DuMu/N/zXtLQ5izgUIs=","KONA_014.basePlot.cfc","D06","KONA","KONA_014","2019-07-08T16:17Z",3.55,41.81,11.8,"cultivatedCrops","Herbaceous clip strip","","",2,0.1,100,39.215594,-96.601254,20.1,332.1,0.16
"79","KONA_015_193","TZWCJg6TW/1/UAda/Rvl8Lya48ospSTo5d/qvP9LcV8=","KONA_015.basePlot.cfc","D06","KONA","KONA_015","2019-07-08T14:56Z",2.31,41.97,18.2,"cultivatedCrops","Herbaceous clip strip","","",2,0.1,100,39.214927,-96.595022,20.1,325.3,0.12
"80","KONA_016_136","TZWCJg6TW/1KTUMBDF+NfnkAW3DqsGG0Wk1crEXpFG4=","KONA_016.basePlot.cfc","D06","KONA","KONA_016","2019-07-08T18:23Z",4.32,38.45,8.9,"cultivatedCrops","Herbaceous clip strip","","",2,0.1,20,39.120699,-96.638276,20.1,327.9,0.13
"81","KONA_048_029","TZWCJg6TW/1uft3A2+k7nQyKf6wbG0QmTmYIExV9b64=","KONA_048.basePlot.cfc","D06","KONA","KONA_048","2019-07-09T14:52Z",0.97,38.58,39.6,"cultivatedCrops","Herbaceous clip strip","","",2,0.1,60,39.108044,-96.612665,20.1,327.5,0.1
"82","KONA_054_091","TZWCJg6TW/3j2JVfzUwnO6tsK7ibCzFUtn4Rc4aO8RQ=","KONA_054.basePlot.cfc","D06","KONA","KONA_054","2019-07-09T13:41Z",3.57,36.3,10.2,"cultivatedCrops","Herbaceous clip strip","","",2,0.1,30,39.111555,-96.611503,20.1,321.2,0.17
"83","KONA_057_049","TZWCJg6TW/356GlN7ArTCmHLH6h3DaWtXp7VwcZ3Wqc=","KONA_057.basePlot.cfc","D06","KONA","KONA_057","2019-07-09T15:23Z",1.92,39.71,20.7,"cultivatedCrops","Herbaceous clip strip","","",2,0.1,15,39.108366,-96.614399,20.1,330.2,0.1
"84","KONA_059_016","TZWCJg6TW/2aUrY4sjyu25DsLAViAlooWv0AU30xUV8=","KONA_059.basePlot.cfc","D06","KONA","KONA_059","2019-07-09T14:05Z",3.1,39.99,12.9,"cultivatedCrops","Herbaceous clip strip","","",2,0.1,35,39.111041,-96.613606,20.2,322.1,0.25
"85","KONZ_001_027","Cekj+eelgP+FtsCbsa7Fx0yuDENzSZgUu0oOcsF1rUs=","KONZ_001.basePlot.cfc","D06","KONZ","KONZ_001","2017-05-30T14:06Z",1.63,45,27.6,"grasslandHerbaceous","Herbaceous clip strip","","",2,0.1,100,39.075067,-96.555874,20.1,437.8,0.15
"86","KONZ_002_051","Cekj+eelgP9EQU0Al2SAyHWyKDGB1fuXsJVvjMdieHQ=","KONZ_002.basePlot.cfc","D06","KONZ","KONZ_002","2017-05-30T14:28Z",1.32,46.01,34.9,"grasslandHerbaceous","Herbaceous clip strip","","",2,0.1,100,39.119992,-96.546015,20.1,400,0.19
"87","KONZ_003_147","Cekj+eelgP9s9pDMbarmFxNu4AVtN2BlNTcUH7ACslY=","KONZ_003.basePlot.cfc","D06","KONZ","KONZ_003","2017-05-30T13:58Z",2,47.06,23.6,"grasslandHerbaceous","Herbaceous clip strip","","",2,0.1,100,39.088076,-96.570347,20.1,404.2,0.14
"88","KONZ_004_016","Cekj+eelgP8HxmkpxRAwFsNuGbR/BPcjYvpoCekY9zU=","KONZ_004.basePlot.cfc","D06","KONZ","KONZ_004","2017-05-30T14:25Z",1.51,44.69,29.7,"grasslandHerbaceous","Herbaceous clip strip","","",2,0.1,100,39.110568,-96.550145,20.2,374.5,0.26
"89","KONZ_005_027","Cekj+eelgP8uS0GdYPFp5KBQFxDLErk8/9bEYj2O/4c=","KONZ_005.basePlot.cfc","D06","KONZ","KONZ_005","2017-06-01T13:53Z",1.87,44.81,23.9,"grasslandHerbaceous","Herbaceous clip strip","","",2,0.1,100,39.082563,-96.566704,20.1,424,0.19
"90","KONZ_006_176","Cekj+eelgP+cMuvhPkH2BUGvTeSn6Qri+6Vh1rUUygg=","KONZ_006.basePlot.cfc","D06","KONZ","KONZ_006","2017-06-01T13:54Z",1.31,46.21,35.2,"grasslandHerbaceous","Herbaceous clip strip","","",2,0.1,100,39.07116,-96.58894,20.2,409.9,0.3
"91","KONZ_007_067","Cekj+eelgP8hUU9GdNe5XfX3pGP3FBauzJmzRANL8iI=","KONZ_007.basePlot.cfc","D06","KONZ","KONZ_007","2017-05-31T13:35Z",0.99,43.94,44.3,"grasslandHerbaceous","Herbaceous clip strip","","",2,0.1,100,39.086976,-96.544716,20.1,421.8,0.18
"92","KONZ_008_027","Cekj+eelgP8/q2AoGGZ6cjflPDbdob4H68G9jeB0LE4=","KONZ_008.basePlot.cfc","D06","KONZ","KONZ_008","2017-05-30T14:27Z",1.69,48.69,28.8,"grasslandHerbaceous","Herbaceous clip strip","","",2,0.1,100,39.108081,-96.545368,20.1,382.7,0.15
"93","KONZ_009_158","Cekj+eelgP9Fy+DOcsp9U9WSf3DutN4vIMfm1mkoIOs=","KONZ_009.basePlot.cfc","D06","KONZ","KONZ_009","2017-05-30T14:12Z",1.56,46.01,29.5,"grasslandHerbaceous","Herbaceous clip strip","","",2,0.1,100,39.107315,-96.585981,20.2,372.7,0.24
"94","KONZ_010_067","Cekj+eelgP/O8PU4swAXHMBynq9bqLSM9VkSpEY46BI=","KONZ_010.basePlot.cfc","D06","KONZ","KONZ_010","2017-05-30T14:00Z",1.41,45.02,31.9,"grasslandHerbaceous","Herbaceous clip strip","","",2,0.1,100,39.073755,-96.571173,20.1,420.9,0.15
"95","KONZ_011_027","Cekj+eelgP/sGcPrqr9Pzgu/+/VJ097jr+rZh2V8Hcw=","KONZ_011.basePlot.cfc","D06","KONZ","KONZ_011","2017-05-30T13:57Z",1.12,45.05,40.3,"grasslandHerbaceous","Herbaceous clip strip","","",2,0.1,100,39.106213,-96.597472,20.2,367.4,0.28
"96","KONZ_012_099","Cekj+eelgP8BVlPglPP663jNMIMVWkwLlhghkBSvLho=","KONZ_012.basePlot.cfc","D06","KONZ","KONZ_012","2017-06-02T13:55Z",1.88,44.74,23.8,"grasslandHerbaceous","Herbaceous clip strip","","",2,0.1,100,39.084519,-96.582247,20,378.1,0.01
"97","KONZ_013_150","Cekj+eelgP8HXcbi/ODa0/qRYJ5dTsQvWcxvufLOWzo=","KONZ_013.basePlot.cfc","D06","KONZ","KONZ_013","2017-06-01T13:51Z",1.49,45.93,30.8,"grasslandHerbaceous","Herbaceous clip strip","","",2,0.1,100,39.088085,-96.55852,20.2,420.7,0.26
"98","KONZ_014_123","Cekj+eelgP8rqN6W/F1q6YCZHdfSRxLt+hQaovm3xi8=","KONZ_014.basePlot.cfc","D06","KONZ","KONZ_014","2017-05-30T14:14Z",1.74,44.93,25.9,"grasslandHerbaceous","Herbaceous clip strip","","",2,0.1,100,39.1095,-96.561283,20.1,379,0.17
"99","KONZ_024_204","Cekj+eelgP9P1Up66iRoAATQx/RQZ6bdUCrZN/Ev46I=","KONZ_024.basePlot.cfc","D06","KONZ","KONZ_024","2017-05-30T14:23Z",1.21,45.06,37.2,"deciduousForest","Herbaceous clip strip","","",2,0.1,100,39.110903,-96.552209,20.2,351,0.17
"100","KONZ_042_058","Cekj+eelgP8YwVIKeX8KmDyhH3AmhbeIlUmTMgLm/C8=","KONZ_042.basePlot.cfc","D06","KONZ","KONZ_042","2017-05-30T14:08Z",0.97,45.52,47,"grasslandHerbaceous","Herbaceous clip strip","","",2,0.1,100,39.09957,-96.564404,20.2,401.2,0.25
"101","KONZ_043_156","Cekj+eelgP8twWen9yIBWBwjrwASs76HLmjW19E2bhI=","KONZ_043.basePlot.cfc","D06","KONZ","KONZ_043","2017-05-30T14:09Z",1.88,46.87,25,"grasslandHerbaceous","Herbaceous clip strip","","",2,0.1,100,39.102192,-96.56118,20.2,405.4,0.17
"102","KONZ_045_095","Cekj+eelgP9pjZG8ytWEoHzBBaS0LQQk2YY5mtqP/40=","KONZ_045.basePlot.cfc","D06","KONZ","KONZ_045","2017-05-30T14:10Z",1.6,44.83,28,"grasslandHerbaceous","Herbaceous clip strip","","",2,0.1,100,39.103827,-96.561811,20.1,392.1,0.24
"103","KONZ_046_067","Cekj+eelgP83+pvaUJG6uVN78ri862V09xDnre+Oyw0=","KONZ_046.basePlot.cfc","D06","KONZ","KONZ_046","2017-05-30T14:11Z",1.53,45.41,29.6,"shrubScrub","Herbaceous clip strip","","",2,0.1,100,39.103068,-96.563925,20.1,405.7,0.14
"104","LAJA_001_027","Ar6g0CWrZRBwmsgrHeO/0+Js9/xtk0T3wkhiVacn9Q0=","LAJA_001.basePlot.cfc","D04","LAJA","LAJA_001","2020-09-14T13:45Z",1.72,41.96,24.4,"grasslandHerbaceous","Herbaceous clip strip","","",2,0.1,90,18.024533,-67.076837,20.3,16.6,0.63
"105","LAJA_002_148","Ar6g0CWrZRDlz60Q7GQRiKbXo9SPlPRL10qzHcB0Kgo=","LAJA_002.basePlot.cfc","D04","LAJA","LAJA_002","2020-09-08T15:50Z",1.52,43.68,28.7,"cultivatedCrops","Herbaceous clip strip","","",2,0.1,100,18.035349,-67.073331,20.1,28.7,0.1
"106","LAJA_003_073","Ar6g0CWrZRA4jpn6DkrjyXlrTJouo1PgkU+o9DMEZf0=","LAJA_003.basePlot.cfc","D04","LAJA","LAJA_003","2020-09-09T12:46Z",2.6,43.32,16.6,"pastureHay","Herbaceous clip strip","","",2,0.1,50,18.025922,-67.081365,20.1,18.2,0.1
"107","LAJA_004_072","Ar6g0CWrZRCDO1Rgx6zAb4btbQlLYQhql64y0VSHcfI=","LAJA_004.basePlot.cfc","D04","LAJA","LAJA_004","2020-09-09T16:15Z",0.65,43.86,67.4,"pastureHay","Herbaceous clip strip","","",2,0.1,100,18.017803,-67.08088,20.1,12.2,0.1
"108","LAJA_005_121","Ar6g0CWrZRAE7HddE9FEs4Zfsl3t+9fe9O98oSlZ3Fs=","LAJA_005.basePlot.cfc","D04","LAJA","LAJA_005","2020-09-09T12:05Z",2.13,44.01,20.7,"pastureHay","Herbaceous clip strip","","",2,0.1,85,18.025704,-67.084747,20.1,18.1,0.1
"109","LAJA_006_028","Ar6g0CWrZRD5dm2goxXsx0/QNAHj3nqTehqswi0C24k=","LAJA_006.basePlot.cfc","D04","LAJA","LAJA_006","2020-09-09T15:23Z",1.05,44.14,42,"pastureHay","Herbaceous clip strip","","",2,0.1,100,18.020279,-67.084819,20.1,12.9,0.1
"110","LAJA_007_177","Ar6g0CWrZRBWPgYJsj3Q7JlS34/r+iuLwBzlNoRlfoo=","LAJA_007.basePlot.cfc","D04","LAJA","LAJA_007","2020-09-09T13:52Z",0.73,42.49,58.2,"pastureHay","Herbaceous clip strip","","",2,0.1,85,18.0278,-67.078507,20.1,20.9,0.1
"111","LAJA_008_153","Ar6g0CWrZRDOi5qMQxVM1gpJYdxOPvkAVQHq8DeRK24=","LAJA_008.basePlot.cfc","D04","LAJA","LAJA_008","2020-09-09T13:16Z",0.91,40.92,44.8,"pastureHay","Herbaceous clip strip","","",2,0.1,35,18.025907,-67.078525,20.1,18.5,0.1
"112","LAJA_009_159","Ar6g0CWrZRCbGmQ2ftpOwhEPRtv0yDiEEsEVCQbt5Hw=","LAJA_009.basePlot.cfc","D04","LAJA","LAJA_009","2020-09-09T17:38Z",1.24,44.17,35.7,"grasslandHerbaceous","Herbaceous clip strip","","",2,0.1,80,18.032303,-67.069111,20.1,22.5,0.1
"113","LAJA_010_076","Ar6g0CWrZRCve5Sg3WtR09D5UsvlfdaMKA3+XudmWMU=","LAJA_010.basePlot.cfc","D04","LAJA","LAJA_010","2020-09-09T11:36Z",1.34,42.43,31.6,"pastureHay","Herbaceous clip strip","","",2,0.1,100,18.026484,-67.08278,20.1,19.2,0.1
"114","LAJA_011_194","Ar6g0CWrZRDkMzp3IjtlzO5jCitQ1H/XqkAwcevXwxw=","LAJA_011.basePlot.cfc","D04","LAJA","LAJA_011","2020-09-14T12:35Z",0.73,45.36,62,"pastureHay","Herbaceous clip strip","","",2,0.1,100,18.018109,-67.084278,20.1,11.1,0.1
"115","LAJA_015_193","Ar6g0CWrZRACJ79IJPHX6uJ6jDUBfR59YmSeB8NN3bk=","LAJA_015.basePlot.cfc","D04","LAJA","LAJA_015","2020-09-14T14:43Z",1.43,42.14,29.6,"evergreenForest","Herbaceous clip strip","","",2,0.1,80,18.034464,-67.066822,20.2,24.4,0.29
"116","LAJA_016_064","Ar6g0CWrZRCQ4D8ofkbRQB2vmc+g4iVTDEiP7LmUC+U=","LAJA_016.basePlot.cfc","D04","LAJA","LAJA_016","2020-09-14T11:52Z",1.28,44.42,34.7,"grasslandHerbaceous","Herbaceous clip strip","","",2,0.1,85,18.030429,-67.070828,20.1,22.1,0.1
"117","LAJA_017_040","Ar6g0CWrZRDvEug1xYJXK45WrUBDn9c5iekccVB2UNc=","LAJA_017.basePlot.cfc","D04","LAJA","LAJA_017","2020-09-08T14:20Z",2.04,45.72,22.5,"cultivatedCrops","Herbaceous clip strip","","",2,0.1,100,18.017713,-67.074931,20.1,12.1,0.1
"118","LAJA_018_138","Ar6g0CWrZRC5bHwx9IjrFEtZXaPDCZSa+mFNT5BCoYw=","LAJA_018.basePlot.cfc","D04","LAJA","LAJA_018","2020-09-14T12:04Z",1.11,42.8,38.4,"cultivatedCrops","Herbaceous clip strip","","",2,0.1,100,18.034241,-67.072199,20.1,26.9,0.1
"119","LAJA_019_099","Ar6g0CWrZRB455uJiLcFo6EZKXBF7UDWbwEleyhoIpQ=","LAJA_019.basePlot.cfc","D04","LAJA","LAJA_019","2020-09-09T17:40Z",1.52,44.11,29,"cultivatedCrops","Herbaceous clip strip","","",2,0.1,100,18.032068,-67.070519,20.1,23.3,0.1
"120","LAJA_042_115","Ar6g0CWrZRAHbC+0y2ZpVqeGQEAzGzGQ64UylrC762M=","LAJA_042.basePlot.cfc","D04","LAJA","LAJA_042","2020-09-08T12:46Z",2.14,45.08,21,"pastureHay","Herbaceous clip strip","","",2,0.1,100,18.020196,-67.075468,20.1,13.2,0.1
"121","LAJA_044_009","Ar6g0CWrZRBd503GeBdeAZ5O11SS7QREa3ntd6t3FfU=","LAJA_044.basePlot.cfc","D04","LAJA","LAJA_044","2020-09-08T11:26Z",2.44,44.87,18.4,"pastureHay","Herbaceous clip strip","","",2,0.1,100,18.019086,-67.075469,20.1,12.6,0.1
"122","LAJA_046_063","Ar6g0CWrZRAdmcYYgYd0Imc8ChLpwe9Ws4jTRc6xmAA=","LAJA_046.basePlot.cfc","D04","LAJA","LAJA_046","2020-09-08T13:27Z",2.535,43.895,17.3,"pastureHay","Herbaceous clip strip","","",2,0.1,100,18.020963,-67.074891,20.1,13.8,0.1
"123","LAJA_051_059","Ar6g0CWrZRAiOVXtY893yucH2T0qqQwhVy1vFiKCAAY=","LAJA_051.basePlot.cfc","D04","LAJA","LAJA_051","2020-09-08T15:04Z",1.95,44.14,22.7,"pastureHay","Herbaceous clip strip","","",2,0.1,100,18.022074,-67.075175,20.1,17.6,0.1
"124","MOAB_001_025","S9R44vg6v28f+Zts8A8BN+Exr3BnFsIB79W8iF9t0IU=","MOAB_001.basePlot.cfc","D13","MOAB","MOAB_001","2017-09-07T17:30Z",1.9,44.27,23.4,"shrubScrub","Herbaceous clip strip","","",2,0.5,75,38.257569,-109.413674,20.1,1799.3,0.1
"125","MOAB_002_083","S9R44vg6v2+SKjSdx5MDkqDKvmVLtGDsEvBR62FNuys=","MOAB_002.basePlot.cfc","D13","MOAB","MOAB_002","2017-09-10T17:00Z",1.26,44,35,"shrubScrub","Herbaceous clip strip","","",2,0.5,20,38.210793,-109.414698,20.1,1773.5,0.1
"126","MOAB_004_154","S9R44vg6v2+IojQAoA3EV7FaCqM7nwPN744PJHKhhAQ=","MOAB_004.basePlot.cfc","D13","MOAB","MOAB_004","2017-09-05T17:00Z",2.02,42.795,21.2,"shrubScrub","Herbaceous clip strip","","",2,0.5,20,38.233269,-109.397418,20.1,1762.9,0.1
"127","MOAB_005_056","S9R44vg6v28kwEsUGHI0enoXYCfg7RIL05vYOVi3TTg=","MOAB_005.basePlot.cfc","D13","MOAB","MOAB_005","2017-09-05T15:00Z",1.84,44.76,24.4,"shrubScrub","Herbaceous clip strip","","",2,0.5,50,38.21093,-109.403726,20.1,1768.1,0.11
"128","MOAB_006_145","S9R44vg6v2+1jRmWdbEcAJawb+LPEfYNK3yvx7MecLo=","MOAB_006.basePlot.cfc","D13","MOAB","MOAB_006","2017-09-10T19:00Z",1.27,44.71,35.3,"shrubScrub","Herbaceous clip strip","","",2,0.1,30,38.236381,-109.406596,20.1,1760.6,0.1
"129","MOAB_009_146","S9R44vg6v29a3iYIcLakVBjap3adP+f7IHuLsgccAVE=","MOAB_009.basePlot.cfc","D13","MOAB","MOAB_009","2017-09-07T19:00Z",1.29,43.13,33.5,"shrubScrub","Herbaceous clip strip","","",2,0.5,40,38.258224,-109.423272,20.1,1793.4,0.1
"130","MOAB_010_016","S9R44vg6v29Az0sdlbKhGb3OfO6BV3ZT2YDmW4B2NYQ=","MOAB_010.basePlot.cfc","D13","MOAB","MOAB_010","2017-09-07T20:00Z",1.67,44.33,26.6,"shrubScrub","Herbaceous clip strip","","",2,0.5,40,38.25519,-109.37809,20.1,1815.6,0.1
"131","MOAB_044_023","S9R44vg6v2/PqhJcPWl0CUyZ239Bg+HAwSXvlakgaB0=","MOAB_044.basePlot.cfc","D13","MOAB","MOAB_044","2017-09-10T21:00Z",1.64,44.29,26.9,"shrubScrub","Herbaceous clip strip","","",2,0.1,10,38.24454,-109.389977,20.1,1798.5,0.1
"132","MOAB_045_066","S9R44vg6v29ha3pkiv5lPCuTCeomUQhsI60KGC1Fc44=","MOAB_045.basePlot.cfc","D13","MOAB","MOAB_045","2017-09-09T19:00Z",1.68,43.88,26.2,"shrubScrub","Herbaceous clip strip","","",2,0.5,40,38.245899,-109.390298,20.1,1796.9,0.14
"133","MOAB_046_197","S9R44vg6v2/MrQsjQZV30DSyddux20m2h/Rcmy8/F5E=","MOAB_046.basePlot.cfc","D13","MOAB","MOAB_046","2017-09-09T17:00Z",2.21,43.95,19.9,"shrubScrub","Herbaceous clip strip","","",2,0.5,20,38.248084,-109.392292,20.1,1792.2,0.11
"134","MOAB_047_122","S9R44vg6v2/Sa7hSEKNKHKnsYa4CbdeP+5AeCh0emEk=","MOAB_047.basePlot.cfc","D13","MOAB","MOAB_047","2017-09-09T21:00Z",1.61,44.59,27.7,"shrubScrub","Herbaceous clip strip","","",2,0.5,20,38.245635,-109.389607,20.1,1798.9,0.19
"135","NIWO_004_014","3OSvvfuNlpW5ksa1WCUvrBhsxF0uIJpw+IxNVppDOWM=","NIWO_004.basePlot.cfc","D13","NIWO","NIWO_004","2019-08-22T15:58Z",2.06,49.3,26.7,"evergreenForest","Herbaceous clip strip","","",2,0.5,20,40.043059,-105.581501,20.1,3312.5,0.1
"136","NIWO_042_153","3OSvvfuNlpVi/s/O4QrdJ4jn4b8EoyyUIWKApN/BR1M=","NIWO_042.basePlot.cfc","D13","NIWO","NIWO_042","2019-08-22T17:13Z",2.19,45.6,23,"grasslandHerbaceous","Herbaceous clip strip","","",2,0.5,35,40.04845,-105.584355,20.1,3412.5,0.1
"137","NIWO_067_197","3OSvvfuNlpXM6nqY8HeWW48y700D677pgAoFSCxSXz8=","NIWO_067.basePlot.cfc","D13","NIWO","NIWO_067","2019-08-22T18:55Z",2.21,49,24.5,"grasslandHerbaceous","Herbaceous clip strip","","",2,0.1,65,40.04979,-105.585046,10.1,3443.5,0.1
"138","NOGP_001_164","nNZJgT36IlPj21pe3TybXcmu7jB0oJpl1DHNv18C5vM=","NOGP_001.basePlot.cfc","D09","NOGP","NOGP_001","2020-06-24T12:37Z",1.34,45.61,34,"grasslandHerbaceous","Herbaceous clip strip","","",2,0.1,30,46.806092,-100.915421,20.1,526.2,0.1
"139","NOGP_002_209","nNZJgT36IlMk28YkQUOo8TD1I2KJixc3NTJ+p9CLY5c=","NOGP_002.basePlot.cfc","D09","NOGP","NOGP_002","2020-06-18T16:46Z",1.425,45.555,32.05,"grasslandHerbaceous","Herbaceous clip strip","","",2,0.1,100,46.798586,-100.911965,20.1,553.7,0.1
"140","NOGP_003_038","nNZJgT36IlP6AuXZ25O3HLHyw06MyWFHJeakhqw//fo=","NOGP_003.basePlot.cfc","D09","NOGP","NOGP_003","2020-06-18T18:47Z",0.9,41.55,46.3,"grasslandHerbaceous","Herbaceous clip strip","","",2,0.1,100,46.800934,-100.916415,20,525,0.02
"141","NOGP_005_068","nNZJgT36IlN6uhHJ2wixNnM6fJIZ8OnAZA0bPCYjCPY=","NOGP_005.basePlot.cfc","D09","NOGP","NOGP_005","2020-06-17T13:39Z",1.35,45.32,33.7,"grasslandHerbaceous","Herbaceous clip strip","","",2,0.1,100,46.786915,-100.915127,20,566.4,0.02
"142","NOGP_006_076","nNZJgT36IlPlJE7SF8Pfb0JV0R62oDxbrxfoXnB6GBQ=","NOGP_006.basePlot.cfc","D09","NOGP","NOGP_006","2020-06-16T17:41Z",1.28,43.29,33.7,"grasslandHerbaceous","Herbaceous clip strip","","",2,0.1,100,46.769079,-100.916842,20.1,588.4,0.1
"143","NOGP_007_063","nNZJgT36IlOTWW2riEOCkZzvIhLOk5it1qbdaXXpMw0=","NOGP_007.basePlot.cfc","D09","NOGP","NOGP_007","2020-06-16T20:17Z",1.51,46.1,30.6,"grasslandHerbaceous","Herbaceous clip strip","","",2,0.1,100,46.811941,-100.904219,20,523.7,0.02
"144","NOGP_008_153","nNZJgT36IlPtbCtjj+oDnPtsCfOu2I2dp/rUpTVtF38=","NOGP_008.basePlot.cfc","D09","NOGP","NOGP_008","2020-06-17T16:46Z",1.42,44.34,31.1,"grasslandHerbaceous","Herbaceous clip strip","","",2,0.1,100,46.783513,-100.907936,20,559.3,0.02
"145","NOGP_009_018","nNZJgT36IlMbC/mZMyUh5f6k8fSjjyrKRiksg53oZZE=","NOGP_009.basePlot.cfc","D09","NOGP","NOGP_009","2020-06-18T18:00Z",1.35,46.24,34.4,"grasslandHerbaceous","Herbaceous clip strip","","",2,0.1,100,46.801783,-100.914474,20,547.1,0.02
"146","NOGP_010_061","nNZJgT36IlO0ORAOJdBS77zZjLYHfn16KmvzM1U6Ejk=","NOGP_010.basePlot.cfc","D09","NOGP","NOGP_010","2020-06-16T18:36Z",2.17,46.77,21.5,"grasslandHerbaceous","Herbaceous clip strip","","",2,0.1,100,46.765843,-100.916361,20,586.8,0.02
"147","NOGP_011_168","nNZJgT36IlMyvKBV1TvYoO+rVQ9OW7mUMB1tkqsX/IA=","NOGP_011.basePlot.cfc","D09","NOGP","NOGP_011","2020-06-23T21:15Z",1.14,44.64,39.1,"grasslandHerbaceous","Herbaceous clip strip","","",2,0.1,25,46.779813,-100.920393,20,571.6,0.02
"148","NOGP_012_018","nNZJgT36IlMyJmDeDP42T/hYX2hir3WFxhJ7IIAZjJY=","NOGP_012.basePlot.cfc","D09","NOGP","NOGP_012","2020-06-17T12:47Z",1.64,44.88,27.4,"grasslandHerbaceous","Herbaceous clip strip","","",2,0.1,100,46.786096,-100.915884,20,565.3,0.02
"149","NOGP_013_186","nNZJgT36IlM7MCjf/zQvGihKtlpbRN362rBlN1Vb/AA=","NOGP_013.basePlot.cfc","D09","NOGP","NOGP_013","2020-06-23T22:18Z",1.49,48.63,32.7,"grasslandHerbaceous","Herbaceous clip strip","","",2,0.1,100,46.774433,-100.919404,20,568.3,0.02
"150","NOGP_014_082","nNZJgT36IlMjawxOb77R32WKwYMvHZ+JZlYAmoRxHo4=","NOGP_014.basePlot.cfc","D09","NOGP","NOGP_014","2020-06-24T13:37Z",1.62,47.36,29.2,"grasslandHerbaceous","Herbaceous clip strip","","",2,0.1,45,46.80763,-100.903673,20.1,528,0.1
"151","NOGP_015_202","nNZJgT36IlOePeyNJbFZW8xDEC5+y/xrEh4p0NInAdI=","NOGP_015.basePlot.cfc","D09","NOGP","NOGP_015","2020-06-17T15:50Z",1.43,45.23,31.7,"grasslandHerbaceous","Herbaceous clip strip","","",2,0.1,100,46.785603,-100.911927,20,543.1,0.02
"152","NOGP_016_052","nNZJgT36IlMXVxVr5wYWrlnDVZ8i1xPuzh+0RJRbQcs=","NOGP_016.basePlot.cfc","D09","NOGP","NOGP_016","2020-06-23T19:40Z",1.6,45.54,28.5,"grasslandHerbaceous","Herbaceous clip strip","","",2,0.1,55,46.781753,-100.917702,20,552.8,0.02
"153","NOGP_041_063","nNZJgT36IlOXBVqK8B3rnAQc1thqEbTbHJZ1iy1roW0=","NOGP_041.basePlot.cfc","D09","NOGP","NOGP_041","2020-06-23T20:27Z",1.6,47.09,29.5,"grasslandHerbaceous","Herbaceous clip strip","","",2,0.1,45,46.781417,-100.921628,20,578,0.02
"154","NOGP_061_205","nNZJgT36IlPi60Vww056iN60BN4QbaPBtq93n3s72/I=","NOGP_061.basePlot.cfc","D09","NOGP","NOGP_061","2020-06-16T19:14Z",1.34,44.17,32.9,"grasslandHerbaceous","Herbaceous clip strip","","",2,0.1,100,46.76806,-100.912511,20,583.2,0.02
"155","NOGP_062_012","nNZJgT36IlNqjFZ4k4RSkIOoEPgTjWwUGPZwt65QcTI=","NOGP_062.basePlot.cfc","D09","NOGP","NOGP_062","2020-06-16T15:54Z",1.6,44.02,27.5,"grasslandHerbaceous","Herbaceous clip strip","","",2,0.1,100,46.772266,-100.919713,20,575.6,0.02
"156","NOGP_064_149","nNZJgT36IlNox5RpIyvfMoPdiliLILtZJC8/lzImb7I=","NOGP_064.basePlot.cfc","D09","NOGP","NOGP_064","2020-06-16T16:36Z",1.74,43.47,24.9,"grasslandHerbaceous","Herbaceous clip strip","","",2,0.1,100,46.770749,-100.913769,20.1,585.6,0.1
"157","NOGP_065_163","nNZJgT36IlMa1Y/c7jtj8DN9+j0EALur9yjKAvft41w=","NOGP_065.basePlot.cfc","D09","NOGP","NOGP_065","2020-06-16T15:19Z",2.12,44.48,21,"grasslandHerbaceous","Herbaceous clip strip","","",2,0.1,50,46.770139,-100.91806,20.1,588.1,0.1
"158","OAES_001_197","FMBHGf4LMbqjM3bSBZzLqRLf0iYOXKzfDSjw09Q7d7E=","OAES_001.basePlot.cfc","D11","OAES","OAES_001","2018-04-24T19:22Z",1.03,38.69,37.7,"grasslandHerbaceous","Herbaceous clip strip","","",2,0.1,71,35.412699,-99.058259,20.1,515.1,0.1
"159","OAES_002_176","FMBHGf4LMbqGDrWwWFunGNAW8dzUn8v4mfWr02PrbCA=","OAES_002.basePlot.cfc","D11","OAES","OAES_002","2018-04-24T21:27Z",0.69,42.75,62.1,"grasslandHerbaceous","Herbaceous clip strip","","",2,0.1,90,35.419716,-99.052304,20.1,521.6,0.11
"160","OAES_003_117","FMBHGf4LMbr/iZqPA1nZwj12/U+uJPy8uo+P7eukSEA=","OAES_003.basePlot.cfc","D11","OAES","OAES_003","2018-04-24T19:04Z",0.7,39.26,56.4,"grasslandHerbaceous","Herbaceous clip strip","","",2,0.1,55,35.412139,-99.069792,20.1,510.5,0.11
"161","OAES_004_165","FMBHGf4LMbooZn1DKnlvngqGud28fYwgclddzH+Q4II=","OAES_004.basePlot.cfc","D11","OAES","OAES_004","2018-04-24T19:57Z",1.34,35.83,26.7,"grasslandHerbaceous","Herbaceous clip strip","","",2,0.1,99,35.41213,-99.085338,20.1,507.5,0.1
"162","OAES_005_152","FMBHGf4LMboliS5rWV7Zph1XL7YJaoKFb0bNUHq0ZH8=","OAES_005.basePlot.cfc","D11","OAES","OAES_005","2018-04-24T20:44Z",0.75,38.96,52,"grasslandHerbaceous","Herbaceous clip strip","","",2,0.1,98,35.404299,-99.080041,20.1,511.9,0.1
"163","OAES_006_209","FMBHGf4LMbpQ5b950gWNHerZmspoFsLK5M9tzxxJjj0=","OAES_006.basePlot.cfc","D11","OAES","OAES_006","2018-04-24T21:37Z",0.57,42.19,74.7,"grasslandHerbaceous","Herbaceous clip strip","","",2,0.1,80,35.420259,-99.048669,20.1,516.4,0.2
"164","OAES_007_071","FMBHGf4LMbq2216RmjzNq+oCSHSaG4Bz2N7UakCsXb8=","OAES_007.basePlot.cfc","D11","OAES","OAES_007","2018-04-24T20:18Z",0.75,37.6,49.9,"shrubScrub","Herbaceous clip strip","","",2,0.1,85,35.419991,-99.057264,20.2,519.4,0.51
"165","OAES_008_047","FMBHGf4LMbrwg/VBYHBl+dSaY6eE05k4U2HZR+os47Y=","OAES_008.basePlot.cfc","D11","OAES","OAES_008","2018-04-24T14:53Z",0.42,35.87,85,"grasslandHerbaceous","Herbaceous clip strip","","",2,0.1,77,35.395379,-99.063188,20.1,493.6,0.1
"166","OAES_009_052","FMBHGf4LMbrkRmoQDOb9F7imjdNKQBH+fmKg8vYJ0+0=","OAES_009.basePlot.cfc","D11","OAES","OAES_009","2018-04-24T21:00Z",1.06,40.06,37.9,"shrubScrub","Herbaceous clip strip","","",2,0.1,43,35.420795,-99.050317,20.1,515.5,0.1
"167","OAES_010_071","FMBHGf4LMbqufCMWfCd4wOjEYtvX5Pd75RsjzdeLeRw=","OAES_010.basePlot.cfc","D11","OAES","OAES_010","2018-04-24T14:14Z",0.48,38.85,81.5,"grasslandHerbaceous","Herbaceous clip strip","","",2,0.1,78,35.399175,-99.06056,20.1,498.2,0.1
"168","OAES_011_047","FMBHGf4LMbqm5MLVkNJ2OvEmf1NVFX3zDxhKyqWGwo0=","OAES_011.basePlot.cfc","D11","OAES","OAES_011","2018-04-24T16:10Z",0.52,42.93,82.4,"grasslandHerbaceous","Herbaceous clip strip","","",2,0.5,48,35.400509,-99.069797,20.1,489.4,0.11
"169","OAES_012_052","FMBHGf4LMboatoSdzBv+s9+z6HZ2HvKSbeWE66giZyc=","OAES_012.basePlot.cfc","D11","OAES","OAES_012","2018-04-24T15:35Z",0.73,38.99,53.2,"grasslandHerbaceous","Herbaceous clip strip","","",2,0.1,79,35.402943,-99.064829,20.3,507.4,0.69
"170","OAES_013_143","FMBHGf4LMboW9PoMfswyJtey74Ct7ntB5aLPwrkMpFA=","OAES_013.basePlot.cfc","D11","OAES","OAES_013","2018-04-24T13:47Z",1.02,40.13,39.5,"grasslandHerbaceous","Herbaceous clip strip","","",2,0.1,98,35.408094,-99.058566,20.1,518.7,0.12
"171","OAES_021_052","FMBHGf4LMboVazvuHS4EOy660Fph+r0OXoITsqZPEtM=","OAES_021.basePlot.cfc","D11","OAES","OAES_021","2018-04-24T19:26Z",1.1,39.99,36.4,"shrubScrub","Herbaceous clip strip","","",2,0.1,55,35.411869,-99.074095,20.1,503.7,0.12
"172","OAES_022_166","FMBHGf4LMboiZ4lx6hHGbrpk7Zm2l3NZqKEmzzKjD6c=","OAES_022.basePlot.cfc","D11","OAES","OAES_022","2018-04-24T18:30Z",0.82,41.51,50.5,"shrubScrub","Herbaceous clip strip","","",2,0.1,20,35.411053,-99.06485,20.1,504.8,0.1
"173","OAES_023_013","FMBHGf4LMbr6rZ9B+eO74/V9wchSz1E/Fir/rLoFlQo=","OAES_023.basePlot.cfc","D11","OAES","OAES_023","2018-04-24T18:49Z",1.2,41.22,34.5,"shrubScrub","Herbaceous clip strip","","",2,0.1,75,35.413507,-99.056933,20.1,521.4,0.1
"174","OAES_042_006","FMBHGf4LMbqK89AxLC8t93CTJ4kpALt6hUT66xZylTk=","OAES_042.basePlot.cfc","D11","OAES","OAES_042","2018-04-24T18:08Z",0.89,42.91,48.1,"shrubScrub","Herbaceous clip strip","","",2,0.1,98,35.408887,-99.056266,20.1,519.8,0.1
"175","OAES_043_166","FMBHGf4LMbp2mvYrL99f5HcLdV3RW54Ey6u3nV3tWD0=","OAES_043.basePlot.cfc","D11","OAES","OAES_043","2018-04-24T15:31Z",0.86,40.02,46.6,"grasslandHerbaceous","Herbaceous clip strip","","",2,0.1,95,35.405108,-99.058568,20.1,514.2,0.1
"176","OAES_044_029","FMBHGf4LMbpwvXHpAloAWNJJVVcyzIRRyoaFysFjum4=","OAES_044.basePlot.cfc","D11","OAES","OAES_044","2018-04-24T15:12Z",1.145,40.71,35.5,"shrubScrub","Herbaceous clip strip","","",2,0.1,99,35.404309,-99.059225,20.1,510.5,0.1
"177","OAES_045_209","FMBHGf4LMbpho23rkrGWbhuioE2z4sCyUpACX4aFJ6c=","OAES_045.basePlot.cfc","D11","OAES","OAES_045","2018-04-24T16:12Z",1,40.34,40.3,"shrubScrub","Herbaceous clip strip","","",2,0.1,100,35.410788,-99.057569,20.1,517.9,0.1
"178","ORNL_021_145","vOIarzMvGljH1+IHC4k14UAwR/DUDLqWV+H3sBwbMoY=","ORNL_021.basePlot.cfc","D07","ORNL","ORNL_021","2017-05-31T13:57Z",2.86,45.49,15.9,"pastureHay","Herbaceous clip strip","","",2,0.1,100,35.95564,-84.221346,20.1,277.4,0.11
"179","SCBI_005_044","HvxvVDlCk1+aEj7OkevsmY/xu/u/XSP4LYzPYLJBsTk=","SCBI_005.basePlot.cfc","D02","SCBI","SCBI_005","2017-08-03T19:00Z",0.97,45.11,46.7,"deciduousForest","Herbaceous clip strip","","",2,0.1,100,38.900538,-78.16186,20.2,270.7,0.25
"180","SCBI_006_126","HvxvVDlCk19vCgQHzUqELa1Qnpo1wg/QWHs8qOOPWoY=","SCBI_006.basePlot.cfc","D02","SCBI","SCBI_006","2017-08-03T13:00Z",0.95,47.55,50.2,"pastureHay","Herbaceous clip strip","","",2,0.1,100,38.897609,-78.152007,20.1,297.9,0.1
"181","SERC_003_157","FOQ0AtY6KEy3Hw/71mF0saL50FmFsgOw8RRHdxcnqBw=","SERC_003.basePlot.cfc","D02","SERC","SERC_003","2016-07-27T13:40Z",1.2,44.9,36.2,"deciduousForest","Herbaceous clip strip","","",2,0.1,NA,38.899872,-76.543752,20.1,8.2,0.12
"182","SERC_007_057","FOQ0AtY6KEz/dqob1l7/P8l6vMnxDl6DdWxsNDdHx34=","SERC_007.basePlot.cfc","D02","SERC","SERC_007","2016-07-27T12:00Z",4.3,44.5,10.3,"cultivatedCrops","Herbaceous clip strip","","",2,0.1,NA,38.873795,-76.539828,20.1,4.1,0.1
"183","SERC_008_038","FOQ0AtY6KEyr5Og0zMdhf6z+E6veTxAMLtlAlXvESW0=","SERC_008.basePlot.cfc","D02","SERC","SERC_008","2016-07-27T11:14Z",4,43.2,10.9,"cultivatedCrops","Herbaceous clip strip","","",2,0.1,NA,38.871838,-76.524078,20.1,2.1,0.1
"184","SJER_001_209","2kN0Z0OxE8EKT18zkbawyweuoYHqBzNxqV5SFrxN3s4=","SJER_001.basePlot.cfc","D17","SJER","SJER_001","2019-03-28T15:47Z",1.98,42.34,21.4,"grasslandHerbaceous","Herbaceous clip strip","","",2,0.1,100,37.106602,-119.72024,20.1,399.4,0.1
"185","SJER_002_016","2kN0Z0OxE8FOVQnny45Emugbd0kRbBkrGx4RXO3ZXl0=","SJER_002.basePlot.cfc","D17","SJER","SJER_002","2019-04-04T20:34Z",2.29,44.08,19.2,"grasslandHerbaceous","Herbaceous clip strip","","",2,0.1,45,37.082813,-119.743324,20.1,349.3,0.1
"186","SJER_004_094","2kN0Z0OxE8E6yoOagSqOSRtNLSrhl99uQ0RdgD9X3OE=","SJER_004.basePlot.cfc","D17","SJER","SJER_004","2019-03-26T15:29Z",2.9,41.2,14.2,"grasslandHerbaceous","Herbaceous clip strip","","",2,0.1,100,37.108972,-119.746305,20.1,383.1,0.1
"187","SJER_005_147","2kN0Z0OxE8Hr/ST52veN+F/G0i29hKz+bdOTAX8+mww=","SJER_005.basePlot.cfc","D17","SJER","SJER_005","2019-03-26T17:15Z",2.2,41.09,18.7,"grasslandHerbaceous","Herbaceous clip strip","","",2,0.1,70,37.1235,-119.748517,20.1,499.5,0.11
"188","SJER_006_039","2kN0Z0OxE8HK7y4Ug7B/m9gTIZ4LtbgRdQ3N0I6UUbw=","SJER_006.basePlot.cfc","D17","SJER","SJER_006","2019-03-27T15:08Z",1.45,40.3,27.9,"grasslandHerbaceous","Herbaceous clip strip","","",2,0.1,100,37.102924,-119.749115,20.1,424,0.1
"189","SJER_007_022","2kN0Z0OxE8ElZr6rYAw5km9PPEYuhOJY8zUsBFnwhxU=","SJER_007.basePlot.cfc","D17","SJER","SJER_007","2019-03-26T19:11Z",1.98,40.85,20.7,"grasslandHerbaceous","Herbaceous clip strip","","",NA,NA,75,37.113927,-119.753247,20.1,426.1,0.1
"190","SJER_009_154","2kN0Z0OxE8GTUdNsBIzfR/KftHYeEm/X9B+ZS+y2X+8=","SJER_009.basePlot.cfc","D17","SJER","SJER_009","2019-04-03T14:56Z",1.23,39.44,32.2,"grasslandHerbaceous","Herbaceous clip strip","","",2,0.1,75,37.117532,-119.738492,20.1,454.1,0.1
"191","SJER_012_069","2kN0Z0OxE8HfzJ2cXhW90gTLmh7AQNfvvcSjLpKcNC8=","SJER_012.basePlot.cfc","D17","SJER","SJER_012","2019-03-28T20:09Z",1.74,43.14,24.8,"grasslandHerbaceous","Herbaceous clip strip","","",2,0.1,100,37.08368,-119.717046,20.1,321,0.14
"192","SJER_014_020","2kN0Z0OxE8GgcyGjlRGWMpEXrHmkEBaOQWcTWbMHN08=","SJER_014.basePlot.cfc","D17","SJER","SJER_014","2019-03-27T20:35Z",1.59,41.42,26.1,"grasslandHerbaceous","Herbaceous clip strip","","",2,0.1,100,37.078744,-119.720266,20.1,288.4,0.13
"193","SJER_015_022","2kN0Z0OxE8FERIW0ws+1VoXneT8WCPD0k9Co2qSprNI=","SJER_015.basePlot.cfc","D17","SJER","SJER_015","2019-04-03T17:43Z",2.1,44.14,21.1,"grasslandHerbaceous","Herbaceous clip strip","","",2,0.1,78,37.081979,-119.720354,20.1,314.7,0.11
"194","SJER_016_119","2kN0Z0OxE8EdHCE0H8fEFSNc/DiPr5nV8NJ5SNU81LY=","SJER_016.basePlot.cfc","D17","SJER","SJER_016","2019-03-27T21:28Z",1.6,43.29,27,"grasslandHerbaceous","Herbaceous clip strip","","",2,0.1,90,37.077219,-119.716137,20.1,271,0.1
"195","SJER_019_097","2kN0Z0OxE8ESp2OZlPr9inkwNhuc0nx/4T8gEhL9cSI=","SJER_019.basePlot.cfc","D17","SJER","SJER_019","2019-03-28T16:40Z",2.39,38.28,16,"grasslandHerbaceous","Herbaceous clip strip","","",2,0.1,100,37.104397,-119.721851,20.1,397.6,0.1
"196","SJER_025_169","2kN0Z0OxE8EMu3R8eYj5xN/6hDPf09jF06PkPHv+LqU=","SJER_025.basePlot.cfc","D17","SJER","SJER_025","2019-03-27T17:42Z",1.94,43.42,22.4,"shrubScrub","Herbaceous clip strip","","",2,0.1,100,37.127266,-119.759842,20.1,432.6,0.15
"197","SJER_026_082","2kN0Z0OxE8F96tPbOqtRuwF5wRXFyecz8JPbBVdLqk8=","SJER_026.basePlot.cfc","D17","SJER","SJER_026","2019-04-04T16:10Z",1.9,42.35,22.3,"shrubScrub","Herbaceous clip strip","","",2,0.1,70,37.101235,-119.729168,20.1,377.2,0.1
"198","SJER_045_381","2kN0Z0OxE8Ght+vqSNjLJvuyEWgosBDJ64mf1a8wgMY=","SJER_045.basePlot.cfc","D17","SJER","SJER_045","2019-03-21T20:46Z",2.76,41.37,15,"evergreenForest","Herbaceous clip strip","","",2,0.1,85,37.112827,-119.731615,20.1,412.9,0.1
"199","SJER_045_705","2kN0Z0OxE8Ght+vqSNjLJrxI0Xu/o1jOisirSliQcWM=","SJER_045.basePlot.cfc","D17","SJER","SJER_045","2019-04-03T16:37Z",1.89,42.74,22.6,"evergreenForest","Herbaceous clip strip","","",2,0.1,100,37.112827,-119.731615,20.1,412.9,0.1
"200","SJER_046_560","2kN0Z0OxE8FrgGadQFQgjyNFoYubzkbft7HCelRuUzE=","SJER_046.basePlot.cfc","D17","SJER","SJER_046","2019-03-21T18:26Z",2.82,42.52,15.1,"evergreenForest","Herbaceous clip strip","","",2,0.1,65,37.111276,-119.728168,20.1,431.8,0.16
"201","SJER_046_779","2kN0Z0OxE8FrgGadQFQgj0H6RFOj0PpEjxT4aQRBohM=","SJER_046.basePlot.cfc","D17","SJER","SJER_046","2019-04-03T17:26Z",2.07,41.65,20.2,"evergreenForest","Herbaceous clip strip","","",2,0.1,100,37.111276,-119.728168,20.1,431.8,0.16
"202","SJER_047_110","2kN0Z0OxE8EX0dPugoM0gEE18+LRfi1RArlKGlYLvwE=","SJER_047.basePlot.cfc","D17","SJER","SJER_047","2019-03-20T17:32Z",3.07,40.45,13.2,"evergreenForest","Herbaceous clip strip","","",2,0.1,60,37.101658,-119.734564,20.2,377.3,0.16
"203","SJER_048_702","2kN0Z0OxE8FvZ+ZPocAGunJU345aG/BSrqVeiLmDVdI=","SJER_048.basePlot.cfc","D17","SJER","SJER_048","2019-04-03T18:38Z",1.7,42.47,25,"evergreenForest","Herbaceous clip strip","","",2,0.1,100,37.110011,-119.735218,20.1,381.8,0.18
"204","SJER_048_957","2kN0Z0OxE8FvZ+ZPocAGur2L3+lkxllVx54ToApkGcY=","SJER_048.basePlot.cfc","D17","SJER","SJER_048","2019-04-03T07:21Z",2.465,42.64,17.35,"evergreenForest","Herbaceous clip strip","","",2,0.1,100,37.110011,-119.735218,20.1,381.8,0.18
"205","SOAP_002_172","P3kunhL9imALecDVNNols+Hs2m+9sYqcfzHqq4HPjdY=","SOAP_002.basePlot.cfc","D17","SOAP","SOAP_002","2018-06-20T19:09Z",1.39,41.245,29.85,"evergreenForest","Herbaceous clip strip","","",2,0.1,25,37.030703,-119.281763,20.3,1294.6,0.46
"206","SOAP_003_204","P3kunhL9imDjQiMbDFF1+6iHWu+5aan+mKxYLzHg6oM=","SOAP_003.basePlot.cfc","D17","SOAP","SOAP_003","2018-06-27T18:44Z",0.57,44.15,77.1,"evergreenForest","Herbaceous clip strip","","",2,0.1,100,37.033983,-119.250835,20.1,1127.4,0.1
"207","SOAP_006_094","P3kunhL9imA70jl1EnlumGtc9NYHsP9H/v+3jSqJQv0=","SOAP_006.basePlot.cfc","D17","SOAP","SOAP_006","2018-06-20T16:53Z",1.97,47.03,23.9,"evergreenForest","Herbaceous clip strip","","",2,0.1,40,37.025056,-119.281566,20,1302.2,0.02
"208","SOAP_007_137","P3kunhL9imDHdca1Uo9t31rlfqCqQI6Uq4pYIko2Yug=","SOAP_007.basePlot.cfc","D17","SOAP","SOAP_007","2018-06-26T18:40Z",1.445,46.765,32.4,"evergreenForest","Herbaceous clip strip","","",2,0.1,100,37.028597,-119.249997,20.1,1194.3,0.1
"209","SOAP_008_079","P3kunhL9imD8wsAmAZLigSK2UAzTfCFhnwFBpM46v4M=","SOAP_008.basePlot.cfc","D17","SOAP","SOAP_008","2018-06-26T17:13Z",1.44,49.47,34.3,"evergreenForest","Herbaceous clip strip","","",2,0.1,7,37.0292,-119.276287,20.1,1305.2,0.1
"210","SOAP_031_036","P3kunhL9imAT9aqsQMxA+LxNgRwlUTROgh+IjKm67lI=","SOAP_031.basePlot.cfc","D17","SOAP","SOAP_031","2018-06-27T20:39Z",1.55,49.56,32,"evergreenForest","Herbaceous clip strip","","",2,0.1,55,37.035342,-119.252227,20.2,1108.8,0.24
"211","SOAP_031_588","P3kunhL9imAT9aqsQMxA+GuMPRBHB+pfZzQZkvQf3LE=","SOAP_031.basePlot.cfc","D17","SOAP","SOAP_031","2018-06-27T20:43Z",1.48,47.92,32.4,"evergreenForest","Herbaceous clip strip","","",2,0.1,100,37.035342,-119.252227,20.2,1108.8,0.24
"212","STER_006_210","5NSA7+zQmwkfKAitIJGEGKMwoM4EzIUO8ad81jR9BYI=","STER_006.basePlot.cfc","D10","STER","STER_006","2017-07-24T18:20Z",1.5,38.7,25.8,"cultivatedCrops","Herbaceous clip strip","","",2,0.5,2,40.463935,-103.035332,20.1,1361.2,0.1
"213","STER_011_171","5NSA7+zQmwldJrBHkMEqRhpWBxoRRuWugRVW9kCQeEM=","STER_011.basePlot.cfc","D10","STER","STER_011","2017-07-24T17:25Z",1.73,41.73,24.1,"cultivatedCrops","Herbaceous clip strip","","",2,0.5,10,40.461168,-103.031538,20.1,1362.6,0.1
"214","STER_012_166","5NSA7+zQmwmq3PzMF3tvNou9DNJOAwNDpHfUJCFUwUU=","STER_012.basePlot.cfc","D10","STER","STER_012","2017-07-24T16:55Z",1.76,41.76,23.7,"cultivatedCrops","Herbaceous clip strip","","",2,0.5,4,40.460053,-103.029801,20.1,1363.7,0.1
"215","STER_018_179","5NSA7+zQmwnT0mEu3GquvsZ6CougIlREgcIdQX2AuvU=","STER_018.basePlot.cfc","D10","STER","STER_018","2017-07-24T18:50Z",1.96,40.2,20.5,"cultivatedCrops","Herbaceous clip strip","","",2,0.5,6,40.465261,-103.0346,20.1,1362.6,0.1
"216","STER_027_135","5NSA7+zQmwlQog/R+CrCTVKdgFMt81J9PRm9Uz/Vq7o=","STER_027.basePlot.cfc","D10","STER","STER_027","2017-07-25T16:30Z",0.63,31.96,50.5,"cultivatedCrops","Herbaceous clip strip","","",2,0.5,18,40.480827,-103.018821,20.1,1368.4,0.25
"217","STER_028_065","5NSA7+zQmwngghHiif86VyBFcqFEtYYyv2ciTlnKq8o=","STER_028.basePlot.cfc","D10","STER","STER_028","2017-07-24T21:33Z",1.03,44.01,42.8,"cultivatedCrops","Herbaceous clip strip","","",2,0.5,13,40.473273,-103.018333,20.2,1359.6,0.3
"218","STER_029_007","5NSA7+zQmwnmHlDFEtR3NtY2hI4WPo9Fo8DcfG0MqSI=","STER_029.basePlot.cfc","D10","STER","STER_029","2017-07-25T15:11Z",1.01,43.78,43.5,"cultivatedCrops","Herbaceous clip strip","","",2,0.1,50,40.468561,-103.011749,20.1,1353.3,0.25
"219","STER_031_177","5NSA7+zQmwkZurTm+o8jt7sjBXYpsMJGd1RGt29RARU=","STER_031.basePlot.cfc","D10","STER","STER_031","2017-07-25T14:42Z",0.66,42.96,65.5,"cultivatedCrops","Herbaceous clip strip","","",2,0.5,20,40.470725,-103.011685,20.1,1353.3,0.1
"220","STER_032_139","5NSA7+zQmwmZb0Blc0RH07RIzKwRjIbthXNthRNqSfE=","STER_032.basePlot.cfc","D10","STER","STER_032","2017-07-24T20:37Z",1.55,44.21,28.5,"cultivatedCrops","Herbaceous clip strip","","",2,0.5,2,40.472029,-103.025102,20.1,1362.6,0.1
"221","STER_033_147","5NSA7+zQmwnsu5pQmxngFT8m+5ezdJHMKzrHqvIwEpI=","STER_033.basePlot.cfc","D10","STER","STER_033","2017-07-25T17:05Z",2.27,36.63,16.2,"cultivatedCrops","Herbaceous clip strip","","",2,0.5,2,40.47639,-103.011866,20.1,1356.6,0.22
"222","STER_034_123","5NSA7+zQmwn9hZ7i/Ee93BhR0VxhewiLKlO+DrK19lo=","STER_034.basePlot.cfc","D10","STER","STER_034","2017-07-25T16:01Z",0.72,43.54,60.2,"cultivatedCrops","Herbaceous clip strip","","",2,0.5,15,40.478666,-103.019238,20.1,1365.9,0.23
"223","STER_035_194","5NSA7+zQmwmmpvTkFPxGzLJMaWO9/+feqD8WSwgFMug=","STER_035.basePlot.cfc","D10","STER","STER_035","2017-07-25T14:05Z",0.82,41.59,50.6,"cultivatedCrops","Herbaceous clip strip","","",2,0.5,15,40.469719,-103.016662,20.1,1362.2,0.12
"224","TOOL_001_124","qEiBKdJclf/5AmRA23JH+dq2YUuS7Pyu6+LNASbCJtI=","TOOL_001.basePlot.cfc","D18","TOOL","TOOL_001","2017-07-20T18:00Z",2.09,48.9,23.4,"dwarfScrub","Herbaceous clip strip","","",2,0.1,100,68.585776,-149.54318,20.1,804.5,0.1
"225","TOOL_002_137","qEiBKdJclf+zuciOTs6awmkdVVR5ghGtcoLgAIQ0wiU=","TOOL_002.basePlot.cfc","D18","TOOL","TOOL_002","2017-07-19T23:30Z",1.85,51.78,28.1,"dwarfScrub","Herbaceous clip strip","","",2,0.1,NA,68.627943,-149.347229,20.1,843.8,0.1
"226","TOOL_003_179","qEiBKdJclf8jL/g0bc0AZWTjS4pNiJ7F5iPB0pMaI1E=","TOOL_003.basePlot.cfc","D18","TOOL","TOOL_003","2017-07-18T22:30Z",2.1,47.6,22.7,"sedgeHerbaceous","Herbaceous clip strip","","",2,0.1,NA,68.640255,-149.642461,20.1,707.8,0.1
"227","TOOL_004_175","qEiBKdJclf8Nc8Zps4EcxwGAIQUw1GmRCoVWhrEhE6U=","TOOL_004.basePlot.cfc","D18","TOOL","TOOL_004","2017-07-18T19:30Z",1.86,52.25,28.2,"dwarfScrub","Herbaceous clip strip","","",2,0.1,NA,68.616768,-149.629355,20.1,782.2,0.1
"228","TOOL_005_200","qEiBKdJclf+XliQfAK4VfFY24gCcvf23CWk08FvWlLY=","TOOL_005.basePlot.cfc","D18","TOOL","TOOL_005","2017-07-19T19:30Z",2.45,50.69,20.7,"dwarfScrub","Herbaceous clip strip","","",2,0.1,100,68.560148,-149.528532,20.1,834.7,0.1
"229","TOOL_006_076","qEiBKdJclf/gO40VAdsYAXbDbZqloTQ6qvmYhE4HbOc=","TOOL_006.basePlot.cfc","D18","TOOL","TOOL_006","2017-07-19T18:30Z",1.98,51.88,26.3,"shrubScrub","Herbaceous clip strip","","",2,0.1,NA,68.622127,-149.280182,20.1,931.5,0.1
"230","TOOL_009_018","qEiBKdJclf9sGhplCozPmoSOBsIfeCIEsIQK8+fOOzc=","TOOL_009.basePlot.cfc","D18","TOOL","TOOL_009","2017-07-19T21:30Z",2.01,51.42,25.5,"dwarfScrub","Herbaceous clip strip","","",2,0.1,NA,68.627436,-149.324278,20.1,859.5,0.1
"231","TOOL_010_201","qEiBKdJclf+Kof9F/RlrR8cOYz3WvmOvyU3yQRxflZI=","TOOL_010.basePlot.cfc","D18","TOOL","TOOL_010","2017-07-19T21:00Z",2.08,49.69,23.9,"dwarfScrub","Herbaceous clip strip","","",2,0.1,100,68.594322,-149.548584,20.1,791.1,0.1
"232","TOOL_011_147","qEiBKdJclf+nR681TpDMXxYIHMlcgulAGWaLowu2mRA=","TOOL_011.basePlot.cfc","D18","TOOL","TOOL_011","2017-07-18T18:00Z",2.17,48.73,22.4,"sedgeHerbaceous","Herbaceous clip strip","","",2,0.1,100,68.625975,-149.591302,20.1,719.6,0.1
"233","TOOL_012_100","qEiBKdJclf+pOMJALhbbHVboqZWo6JKi03e8lkgE58k=","TOOL_012.basePlot.cfc","D18","TOOL","TOOL_012","2017-07-19T18:00Z",2.17,50.67,23.4,"dwarfScrub","Herbaceous clip strip","","",2,0.1,NA,68.576305,-149.564239,20.1,796.3,0.1
"234","TOOL_013_044","qEiBKdJclf8wwTlGiZ1D7IDXKlLzhOfhoMfZE5p8i18=","TOOL_013.basePlot.cfc","D18","TOOL","TOOL_013","2017-07-19T20:00Z",1.775,50.775,28.6,"dwarfScrub","Herbaceous clip strip","","",2,0.1,NA,68.61519,-149.334812,20.1,867,0.1
"235","TOOL_014_079","qEiBKdJclf/YTFGQgd1EGchBNa+roNvTCU8NOc0dZFg=","TOOL_014.basePlot.cfc","D18","TOOL","TOOL_014","2017-07-20T19:30Z",2.55,49.9,19.6,"dwarfScrub","Herbaceous clip strip","","",2,0.1,NA,68.621266,-149.545738,20.1,801.4,0.1
"236","TOOL_016_145","qEiBKdJclf/qUXnIi09tl92vPpcsZh9Zw1nJ8WnLMaU=","TOOL_016.basePlot.cfc","D18","TOOL","TOOL_016","2017-07-18T21:00Z",2,51.48,25.8,"dwarfScrub","Herbaceous clip strip","","",2,0.1,NA,68.619334,-149.637775,20.1,774.5,0.1
"237","TOOL_017_052","qEiBKdJclf8TB3rUZU0kB/McL/P7lY8mz73nT/yZT5U=","TOOL_017.basePlot.cfc","D18","TOOL","TOOL_017","2017-07-20T00:00Z",2.39,51.57,21.6,"dwarfScrub","Herbaceous clip strip","","",2,0.1,NA,68.60512,-149.492276,20.1,980.9,0.1
"238","TOOL_041_082","qEiBKdJclf/Qzzrb+epfBaa/wpAkxvwVFhutT6BHZMI=","TOOL_041.basePlot.cfc","D18","TOOL","TOOL_041","2017-07-20T19:00Z",1.69,52,30.9,"sedgeHerbaceous","Herbaceous clip strip","","",2,0.1,NA,68.666666,-149.369752,20.1,827.4,0.1
"239","TOOL_042_065","qEiBKdJclf/N8NkyLma/b3gLGFFQ/mhfiPuVkXplvnc=","TOOL_042.basePlot.cfc","D18","TOOL","TOOL_042","2017-07-21T18:00Z",1.95,49.52,25.4,"sedgeHerbaceous","Herbaceous clip strip","","",2,0.1,NA,68.664072,-149.381292,20.2,805.4,0.2
"240","TOOL_043_137","qEiBKdJclf+43qa99xh4YWl+sReIsXt+0X8mbLUAae4=","TOOL_043.basePlot.cfc","D18","TOOL","TOOL_043","2017-07-20T17:22Z",1.8,52.23,29,"sedgeHerbaceous","Herbaceous clip strip","","",2,0.1,NA,68.665514,-149.375519,20.3,821.6,0.21
"241","TOOL_044_078","qEiBKdJclf9O9QxrtCWSWnAZh/Rfp0UVhROueeb8F8g=","TOOL_044.basePlot.cfc","D18","TOOL","TOOL_044","2017-07-21T19:00Z",2.1,48.96,23.3,"sedgeHerbaceous","Herbaceous clip strip","","",2,0.1,NA,68.658157,-149.362189,20.1,822.4,0.24
"242","UKFS_009_061","GWdltx9aizxQJQrF5SN79fCBzWS9GbZ9YLeU+umVPCg=","UKFS_009.basePlot.cfc","D06","UKFS","UKFS_009","2018-06-04T19:00Z",1.16,44.57,38.3,"grasslandHerbaceous","Herbaceous clip strip","","",2,0.1,100,39.045354,-95.201392,20.1,324,0.1
"243","WOOD_001_203","xZ/4LGAq2g67m1KX+4fS/U/0naalVs0/l+KfaPe5Wjo=","WOOD_001.basePlot.cfc","D09","WOOD","WOOD_001","2016-06-27T19:12Z",0.8,38.8,47.5,"grasslandHerbaceous","Herbaceous clip strip","","",2,0.1,100,47.128258,-99.257768,20.2,596.3,0.19
"244","WOOD_002_058","xZ/4LGAq2g6TUwymTuahBndw9PBe2/9da5OreM0Y9xQ=","WOOD_002.basePlot.cfc","D09","WOOD","WOOD_002","2016-06-28T16:40Z",1.2,39.2,31.7,"grasslandHerbaceous","Herbaceous clip strip","","",2,0.1,100,47.136134,-99.232896,20.1,573.6,0.22
"245","WOOD_003_201","xZ/4LGAq2g4AJlIzew7Wf/XwxWTru/tQ6ZjM6mutTUM=","WOOD_003.basePlot.cfc","D09","WOOD","WOOD_003","2016-06-27T19:27Z",1.1,40,36.95,"grasslandHerbaceous","Herbaceous clip strip","","",2,0.1,100,47.118581,-99.239944,20.1,585.7,0.16
"246","WOOD_004_055","xZ/4LGAq2g5Rur2MuF0BDdvtUvI2rTmpGu++T/p6/ws=","WOOD_004.basePlot.cfc","D09","WOOD","WOOD_004","2016-06-27T20:29Z",1.1,39.1,35.9,"grasslandHerbaceous","Herbaceous clip strip","","",2,0.1,100,47.12584,-99.253801,20.1,594.1,0.16
"247","WOOD_005_118","xZ/4LGAq2g7nI++B8hJ/ggdLF5QTx8J+vIUHMLMZkWw=","WOOD_005.basePlot.cfc","D09","WOOD","WOOD_005","2016-06-28T16:20Z",1.6,39.9,25.5,"grasslandHerbaceous","Herbaceous clip strip","","",2,0.1,100,47.149339,-99.251928,20.1,590.3,0.17
"248","WOOD_006_028","xZ/4LGAq2g63XXbJ/Ii4dHcg0n0X2zu/zdKkjj1cjw0=","WOOD_006.basePlot.cfc","D09","WOOD","WOOD_006","2016-06-28T15:40Z",1.3,39.8,30.7,"grasslandHerbaceous","Herbaceous clip strip","","",2,0.1,100,47.142318,-99.247173,20.1,590.3,0.17
"249","WOOD_007_154","xZ/4LGAq2g6obzXPzJjcva8hhqvo4PiSfXYArcdTIMY=","WOOD_007.basePlot.cfc","D09","WOOD","WOOD_007","2016-06-28T14:46Z",1.2,39.9,33.9,"grasslandHerbaceous","Herbaceous clip strip","","",2,0.1,100,47.134755,-99.249895,20.1,594.7,0.13
"250","WOOD_008_030","xZ/4LGAq2g6Qj6dihqFckCd5WSebmQ+FKoAnT/HohM8=","WOOD_008.basePlot.cfc","D09","WOOD","WOOD_008","2016-06-28T18:12Z",1,38.8,40.6,"grasslandHerbaceous","Herbaceous clip strip","","",2,0.1,100,47.142128,-99.21116,20.1,570.8,0.17
"251","WOOD_009_051","xZ/4LGAq2g7M7/vSyUFd04WP3d3hJV0C8i0fVj82+8A=","WOOD_009.basePlot.cfc","D09","WOOD","WOOD_009","2016-06-28T19:27Z",1.2,39.8,32.4,"grasslandHerbaceous","Herbaceous clip strip","","",2,0.1,100,47.145051,-99.232933,20.2,576.9,0.31
"252","WOOD_010_154","xZ/4LGAq2g62z+5tzOwCpYBtRXM3dEnBr2V2RNwLeqo=","WOOD_010.basePlot.cfc","D09","WOOD","WOOD_010","2016-06-28T20:30Z",1.3,40.1,30.2,"grasslandHerbaceous","Herbaceous clip strip","","",2,0.1,100,47.146681,-99.225413,20.1,585.6,0.15
"253","WOOD_021_121","xZ/4LGAq2g6Tiw5iTs+UINI2H1BeT5B+LYqXCEoT9N4=","WOOD_021.basePlot.cfc","D09","WOOD","WOOD_021","2016-06-28T15:08Z",2.5,42.4,16.9,"emergentHerbaceousWetlands","Herbaceous clip strip","","",2,0.1,100,47.146637,-99.247579,20.1,585.3,0.19
"254","WOOD_022_157","xZ/4LGAq2g5ZG/Idao9B4YBFui1U5X9FD+PEX1XY0Wc=","WOOD_022.basePlot.cfc","D09","WOOD","WOOD_022","2016-06-28T19:39Z",1.5,41.8,28.7,"emergentHerbaceousWetlands","Herbaceous clip strip","","",2,0.1,100,47.146348,-99.263444,20.1,592.4,0.14
"255","WOOD_023_167","xZ/4LGAq2g6CJ8QaAy8llpSgItxwBWxDm1rOJ4cSVMo=","WOOD_023.basePlot.cfc","D09","WOOD","WOOD_023","2016-06-27T20:30Z",2.6,42.3,16.3,"emergentHerbaceousWetlands","Herbaceous clip strip","","",2,0.1,100,47.130118,-99.26727,20.1,604.1,0.14
"256","WOOD_024_191","xZ/4LGAq2g5beUPdIU14aIJFb2LGeja8hJsv3Ic1nN4=","WOOD_024.basePlot.cfc","D09","WOOD","WOOD_024","2016-06-28T20:49Z",1.4,37.3,26.8,"emergentHerbaceousWetlands","Herbaceous clip strip","","",2,0.1,100,47.151171,-99.262648,20.1,586.6,0.15
"257","WOOD_025_208","xZ/4LGAq2g6QiY+I5gtun3dYjebp/p8RDSHmr3NJdIE=","WOOD_025.basePlot.cfc","D09","WOOD","WOOD_025","2016-06-28T18:32Z",1.9,41.2,21.2,"emergentHerbaceousWetlands","Herbaceous clip strip","","",2,0.1,100,47.149296,-99.257096,20.1,586.1,0.17
"258","WOOD_027_057","xZ/4LGAq2g5ElX3sDmMFmefRCJQqchVSZ5Z6afiNww8=","WOOD_027.basePlot.cfc","D09","WOOD","WOOD_027","2016-06-28T17:10Z",1,39.4,37.7,"emergentHerbaceousWetlands","Herbaceous clip strip","","",2,0.1,100,47.148243,-99.255109,20.1,586.1,0.13
"259","WOOD_042_049","xZ/4LGAq2g7s0BFr7jQjhrHnd3mW1OXxTX6YMO8XwPw=","WOOD_042.basePlot.cfc","D09","WOOD","WOOD_042","2016-06-27T17:44Z",1.1,39.1,34.2,"grasslandHerbaceous","Herbaceous clip strip","","",2,0.1,100,47.129092,-99.245921,20.1,584.5,0.19
"260","WOOD_043_074","xZ/4LGAq2g5RAbC90CFX05C/iONIwkH2V5OYKgGohSc=","WOOD_043.basePlot.cfc","D09","WOOD","WOOD_043","2016-06-27T16:42Z",1.1,39,34.1,"grasslandHerbaceous","Herbaceous clip strip","","",2,0.1,100,47.131002,-99.242763,20.1,580.2,0.14
"261","WOOD_044_067","xZ/4LGAq2g5NM+G6kbU3sw96yUdUfvrt82PnLRxK9Pg=","WOOD_044.basePlot.cfc","D09","WOOD","WOOD_044","2016-06-27T17:10Z",1.1,40.2,36.1,"grasslandHerbaceous","Herbaceous clip strip","","",2,0.1,100,47.12829,-99.243528,20.1,586.4,0.15
"262","WOOD_045_148","xZ/4LGAq2g625hRtYPCK3nFi3gGfPNepkwWPNpIfYFs=","WOOD_045.basePlot.cfc","D09","WOOD","WOOD_045","2016-06-27T17:30Z",1.2,41,35,"grasslandHerbaceous","Herbaceous clip strip","","",2,0.1,100,47.127465,-99.246302,20.1,593.2,0.19
